chunk_id,content_type,title,text_for_embedding,accessory,source,image_ids,image_paths,metadata_json
CHK-STD-EARRING-001,checklist_item,EARRING - STD-EARRING-001,"Accessory: EARRING
Standard ID: STD-EARRING-001
Requirement type: Dimension/geometry
Requirement: Sharp point/thin steel, R 0.8mm, Ø 2mm hole.
Applicability / remark: 
Source: EARRING!C6",EARRING,EARRING!C6,IMG-001; IMG-002; IMG-003,images/original/image3.png; images/original/image1.png; images/original/image2.png,"{""accessory"": ""EARRING"", ""standard_id"": ""STD-EARRING-001"", ""content_type"": ""checklist_item"", ""requirement_type"": ""Dimension/geometry"", ""source_sheet"": ""EARRING"", ""source_cell"": ""C6"", ""source_row"": 6, ""source"": ""EARRING!C6"", ""image_ids"": [""IMG-001"", ""IMG-002"", ""IMG-003""], ""review_flag"": """"}"
CHK-STD-EARRING-002,checklist_item,EARRING - STD-EARRING-002,"Accessory: EARRING
Standard ID: STD-EARRING-002
Requirement type: Assembly/fit
Requirement: Full R at end fo easy assembly
Applicability / remark: 
Source: EARRING!C7",EARRING,EARRING!C7,IMG-001; IMG-002; IMG-003,images/original/image3.png; images/original/image1.png; images/original/image2.png,"{""accessory"": ""EARRING"", ""standard_id"": ""STD-EARRING-002"", ""content_type"": ""checklist_item"", ""requirement_type"": ""Assembly/fit"", ""source_sheet"": ""EARRING"", ""source_cell"": ""C7"", ""source_row"": 7, ""source"": ""EARRING!C7"", ""image_ids"": [""IMG-001"", ""IMG-002"", ""IMG-003""], ""review_flag"": """"}"
CHK-STD-EARRING-003,checklist_item,EARRING - STD-EARRING-003,"Accessory: EARRING
Standard ID: STD-EARRING-003
Requirement type: Assembly/fit
Requirement: Post location/angel depends on design request
Applicability / remark: 
Source: EARRING!C8",EARRING,EARRING!C8,IMG-001; IMG-002; IMG-003,images/original/image3.png; images/original/image1.png; images/original/image2.png,"{""accessory"": ""EARRING"", ""standard_id"": ""STD-EARRING-003"", ""content_type"": ""checklist_item"", ""requirement_type"": ""Assembly/fit"", ""source_sheet"": ""EARRING"", ""source_cell"": ""C8"", ""source_row"": 8, ""source"": ""EARRING!C8"", ""image_ids"": [""IMG-001"", ""IMG-002"", ""IMG-003""], ""review_flag"": """"}"
CHK-STD-EARRING-004,checklist_item,EARRING - STD-EARRING-004,"Accessory: EARRING
Standard ID: STD-EARRING-004
Requirement type: Safety/edge
Requirement: Make sure mo sharp poimt/thin steel
Applicability / remark: 
Source: EARRING!C9",EARRING,EARRING!C9,IMG-001; IMG-002; IMG-003,images/original/image3.png; images/original/image1.png; images/original/image2.png,"{""accessory"": ""EARRING"", ""standard_id"": ""STD-EARRING-004"", ""content_type"": ""checklist_item"", ""requirement_type"": ""Safety/edge"", ""source_sheet"": ""EARRING"", ""source_cell"": ""C9"", ""source_row"": 9, ""source"": ""EARRING!C9"", ""image_ids"": [""IMG-001"", ""IMG-002"", ""IMG-003""], ""review_flag"": """"}"
CHK-STD-EARRING-005,checklist_item,EARRING - STD-EARRING-005,"Accessory: EARRING
Standard ID: STD-EARRING-005
Requirement type: Assembly/fit
Requirement: Post has angle (25 for EAH and 35 for MH) at front view
Applicability / remark: 
Source: EARRING!C10",EARRING,EARRING!C10,IMG-001; IMG-002; IMG-003,images/original/image3.png; images/original/image1.png; images/original/image2.png,"{""accessory"": ""EARRING"", ""standard_id"": ""STD-EARRING-005"", ""content_type"": ""checklist_item"", ""requirement_type"": ""Assembly/fit"", ""source_sheet"": ""EARRING"", ""source_cell"": ""C10"", ""source_row"": 10, ""source"": ""EARRING!C10"", ""image_ids"": [""IMG-001"", ""IMG-002"", ""IMG-003""], ""review_flag"": """"}"
CHK-STD-HEADBAND-001,checklist_item,HEADBAND - STD-HEADBAND-001,"Accessory: HEADBAND
Standard ID: STD-HEADBAND-001
Requirement type: General design
Requirement: Get SG head to double check.
Applicability / remark: 
Source: HEADBAND!C5",HEADBAND,HEADBAND!C5,IMG-006; IMG-007; IMG-008; IMG-009; IMG-010; IMG-011,images/original/image6.png; images/original/image7.png; images/original/image11.JPG; images/original/image9.png; images/original/image10.jpg; images/original/image8.jpeg,"{""accessory"": ""HEADBAND"", ""standard_id"": ""STD-HEADBAND-001"", ""content_type"": ""checklist_item"", ""requirement_type"": ""General design"", ""source_sheet"": ""HEADBAND"", ""source_cell"": ""C5"", ""source_row"": 5, ""source"": ""HEADBAND!C5"", ""image_ids"": [""IMG-006"", ""IMG-007"", ""IMG-008"", ""IMG-009"", ""IMG-010"", ""IMG-011""], ""review_flag"": """"}"
CHK-STD-HEADBAND-002,checklist_item,HEADBAND - STD-HEADBAND-002,"Accessory: HEADBAND
Standard ID: STD-HEADBAND-002
Requirement type: Gate/runner/trimming
Requirement: Use one gate design to avoid weldline
Applicability / remark: 
Source: HEADBAND!C6",HEADBAND,HEADBAND!C6,IMG-006; IMG-007; IMG-008; IMG-009; IMG-010; IMG-011,images/original/image6.png; images/original/image7.png; images/original/image11.JPG; images/original/image9.png; images/original/image10.jpg; images/original/image8.jpeg,"{""accessory"": ""HEADBAND"", ""standard_id"": ""STD-HEADBAND-002"", ""content_type"": ""checklist_item"", ""requirement_type"": ""Gate/runner/trimming"", ""source_sheet"": ""HEADBAND"", ""source_cell"": ""C6"", ""source_row"": 6, ""source"": ""HEADBAND!C6"", ""image_ids"": [""IMG-006"", ""IMG-007"", ""IMG-008"", ""IMG-009"", ""IMG-010"", ""IMG-011""], ""review_flag"": """"}"
CHK-STD-HEADBAND-003,checklist_item,HEADBAND - STD-HEADBAND-003,"Accessory: HEADBAND
Standard ID: STD-HEADBAND-003
Requirement type: Material/process
Requirement: PPCO is 1st option.
Applicability / remark: 
Source: HEADBAND!C7",HEADBAND,HEADBAND!C7,IMG-006; IMG-007; IMG-008; IMG-009; IMG-010; IMG-011,images/original/image6.png; images/original/image7.png; images/original/image11.JPG; images/original/image9.png; images/original/image10.jpg; images/original/image8.jpeg,"{""accessory"": ""HEADBAND"", ""standard_id"": ""STD-HEADBAND-003"", ""content_type"": ""checklist_item"", ""requirement_type"": ""Material/process"", ""source_sheet"": ""HEADBAND"", ""source_cell"": ""C7"", ""source_row"": 7, ""source"": ""HEADBAND!C7"", ""image_ids"": [""IMG-006"", ""IMG-007"", ""IMG-008"", ""IMG-009"", ""IMG-010"", ""IMG-011""], ""review_flag"": """"}"
CHK-STD-HEADBAND-004,checklist_item,HEADBAND - STD-HEADBAND-004,"Accessory: HEADBAND
Standard ID: STD-HEADBAND-004
Requirement type: Dimension/geometry
Requirement: Sharp point/thin steel, R 0.8mm, Ø 2mm hole.
Applicability / remark: 
Source: HEADBAND!C8",HEADBAND,HEADBAND!C8,IMG-006; IMG-007; IMG-008; IMG-009; IMG-010; IMG-011,images/original/image6.png; images/original/image7.png; images/original/image11.JPG; images/original/image9.png; images/original/image10.jpg; images/original/image8.jpeg,"{""accessory"": ""HEADBAND"", ""standard_id"": ""STD-HEADBAND-004"", ""content_type"": ""checklist_item"", ""requirement_type"": ""Dimension/geometry"", ""source_sheet"": ""HEADBAND"", ""source_cell"": ""C8"", ""source_row"": 8, ""source"": ""HEADBAND!C8"", ""image_ids"": [""IMG-006"", ""IMG-007"", ""IMG-008"", ""IMG-009"", ""IMG-010"", ""IMG-011""], ""review_flag"": """"}"
CHK-STD-HEADBAND-005,checklist_item,HEADBAND - STD-HEADBAND-005,"Accessory: HEADBAND
Standard ID: STD-HEADBAND-005
Requirement type: Mold/tooling
Requirement: Sticking slide, 3~10 degree draft.
Applicability / remark: 
Source: HEADBAND!C9",HEADBAND,HEADBAND!C9,IMG-006; IMG-007; IMG-008; IMG-009; IMG-010; IMG-011,images/original/image6.png; images/original/image7.png; images/original/image11.JPG; images/original/image9.png; images/original/image10.jpg; images/original/image8.jpeg,"{""accessory"": ""HEADBAND"", ""standard_id"": ""STD-HEADBAND-005"", ""content_type"": ""checklist_item"", ""requirement_type"": ""Mold/tooling"", ""source_sheet"": ""HEADBAND"", ""source_cell"": ""C9"", ""source_row"": 9, ""source"": ""HEADBAND!C9"", ""image_ids"": [""IMG-006"", ""IMG-007"", ""IMG-008"", ""IMG-009"", ""IMG-010"", ""IMG-011""], ""review_flag"": """"}"
CHK-STD-BELT-001,checklist_item,BELT - STD-BELT-001,"Accessory: BELT
Standard ID: STD-BELT-001
Requirement type: Assembly/fit
Requirement: Post direction, outward is the 1st choice. Inward direction is ok for loose belt per design request, but not allowed for tight belt.
Applicability / remark: 
Source: BELT!C5",BELT,BELT!C5,IMG-012; IMG-013; IMG-014; IMG-015,images/original/image13.JPG; images/original/image12.png; images/original/image15.png; images/original/image14.jpg,"{""accessory"": ""BELT"", ""standard_id"": ""STD-BELT-001"", ""content_type"": ""checklist_item"", ""requirement_type"": ""Assembly/fit"", ""source_sheet"": ""BELT"", ""source_cell"": ""C5"", ""source_row"": 5, ""source"": ""BELT!C5"", ""image_ids"": [""IMG-012"", ""IMG-013"", ""IMG-014"", ""IMG-015""], ""review_flag"": """"}"
CHK-STD-BELT-002,checklist_item,BELT - STD-BELT-002,"Accessory: BELT
Standard ID: STD-BELT-002
Requirement type: Assembly/fit
Requirement: Need to fit SG
Applicability / remark: 
Source: BELT!C6",BELT,BELT!C6,IMG-012; IMG-013; IMG-014; IMG-015,images/original/image13.JPG; images/original/image12.png; images/original/image15.png; images/original/image14.jpg,"{""accessory"": ""BELT"", ""standard_id"": ""STD-BELT-002"", ""content_type"": ""checklist_item"", ""requirement_type"": ""Assembly/fit"", ""source_sheet"": ""BELT"", ""source_cell"": ""C6"", ""source_row"": 6, ""source"": ""BELT!C6"", ""image_ids"": [""IMG-012"", ""IMG-013"", ""IMG-014"", ""IMG-015""], ""review_flag"": """"}"
CHK-STD-BELT-003,checklist_item,BELT - STD-BELT-003,"Accessory: BELT
Standard ID: STD-BELT-003
Requirement type: Assembly/fit
Requirement: Try to use 1 post, insead of 2 at every breakaway.
Applicability / remark: 
Source: BELT!C7",BELT,BELT!C7,IMG-012; IMG-013; IMG-014; IMG-015,images/original/image13.JPG; images/original/image12.png; images/original/image15.png; images/original/image14.jpg,"{""accessory"": ""BELT"", ""standard_id"": ""STD-BELT-003"", ""content_type"": ""checklist_item"", ""requirement_type"": ""Assembly/fit"", ""source_sheet"": ""BELT"", ""source_cell"": ""C7"", ""source_row"": 7, ""source"": ""BELT!C7"", ""image_ids"": [""IMG-012"", ""IMG-013"", ""IMG-014"", ""IMG-015""], ""review_flag"": """"}"
CHK-STD-BELT-004,checklist_item,BELT - STD-BELT-004,"Accessory: BELT
Standard ID: STD-BELT-004
Requirement type: Gate/runner/trimming
Requirement: Gate at hole side for PTMI, at post side for MCA
Applicability / remark: 
Source: BELT!C8",BELT,BELT!C8,IMG-012; IMG-013; IMG-014; IMG-015,images/original/image13.JPG; images/original/image12.png; images/original/image15.png; images/original/image14.jpg,"{""accessory"": ""BELT"", ""standard_id"": ""STD-BELT-004"", ""content_type"": ""checklist_item"", ""requirement_type"": ""Gate/runner/trimming"", ""source_sheet"": ""BELT"", ""source_cell"": ""C8"", ""source_row"": 8, ""source"": ""BELT!C8"", ""image_ids"": [""IMG-012"", ""IMG-013"", ""IMG-014"", ""IMG-015""], ""review_flag"": """"}"
CHK-STD-NECKLACE-001,checklist_item,NECKLACE - STD-NECKLACE-001,"Accessory: NECKLACE
Standard ID: STD-NECKLACE-001
Requirement type: Gate/runner/trimming
Requirement: Please ensure cloose loop design (prefer Y shape gate )
Applicability / remark: All type
Source: NECKLACE!C5",NECKLACE,NECKLACE!C5,IMG-018; IMG-019; IMG-020; IMG-021; IMG-022; IMG-023; IMG-024; IMG-025; IMG-026,images/original/image19.png; images/original/image21.png; images/original/image22.png; images/original/image23.png; images/original/image24.png; images/original/image25.png; images/original/image26.png; images/original/image18.png; images/original/image20.png,"{""accessory"": ""NECKLACE"", ""standard_id"": ""STD-NECKLACE-001"", ""content_type"": ""checklist_item"", ""requirement_type"": ""Gate/runner/trimming"", ""source_sheet"": ""NECKLACE"", ""source_cell"": ""C5"", ""source_row"": 5, ""source"": ""NECKLACE!C5"", ""image_ids"": [""IMG-018"", ""IMG-019"", ""IMG-020"", ""IMG-021"", ""IMG-022"", ""IMG-023"", ""IMG-024"", ""IMG-025"", ""IMG-026""], ""review_flag"": """"}"
CHK-STD-NECKLACE-002,checklist_item,NECKLACE - STD-NECKLACE-002,"Accessory: NECKLACE
Standard ID: STD-NECKLACE-002
Requirement type: Gate/runner/trimming
Requirement: Please ensure enough space for trimming gate (plier)
Applicability / remark: All type
Source: NECKLACE!C6",NECKLACE,NECKLACE!C6,IMG-018; IMG-019; IMG-020; IMG-021; IMG-022; IMG-023; IMG-024; IMG-025; IMG-026,images/original/image19.png; images/original/image21.png; images/original/image22.png; images/original/image23.png; images/original/image24.png; images/original/image25.png; images/original/image26.png; images/original/image18.png; images/original/image20.png,"{""accessory"": ""NECKLACE"", ""standard_id"": ""STD-NECKLACE-002"", ""content_type"": ""checklist_item"", ""requirement_type"": ""Gate/runner/trimming"", ""source_sheet"": ""NECKLACE"", ""source_cell"": ""C6"", ""source_row"": 6, ""source"": ""NECKLACE!C6"", ""image_ids"": [""IMG-018"", ""IMG-019"", ""IMG-020"", ""IMG-021"", ""IMG-022"", ""IMG-023"", ""IMG-024"", ""IMG-025"", ""IMG-026""], ""review_flag"": """"}"
CHK-STD-NECKLACE-003,checklist_item,NECKLACE - STD-NECKLACE-003,"Accessory: NECKLACE
Standard ID: STD-NECKLACE-003
Requirement type: Material/process
Requirement: Please d-check opening standard below for each material
Applicability / remark: All type
Source: NECKLACE!C7",NECKLACE,NECKLACE!C7,IMG-018; IMG-019; IMG-020; IMG-021; IMG-022; IMG-023; IMG-024; IMG-025; IMG-026,images/original/image19.png; images/original/image21.png; images/original/image22.png; images/original/image23.png; images/original/image24.png; images/original/image25.png; images/original/image26.png; images/original/image18.png; images/original/image20.png,"{""accessory"": ""NECKLACE"", ""standard_id"": ""STD-NECKLACE-003"", ""content_type"": ""checklist_item"", ""requirement_type"": ""Material/process"", ""source_sheet"": ""NECKLACE"", ""source_cell"": ""C7"", ""source_row"": 7, ""source"": ""NECKLACE!C7"", ""image_ids"": [""IMG-018"", ""IMG-019"", ""IMG-020"", ""IMG-021"", ""IMG-022"", ""IMG-023"", ""IMG-024"", ""IMG-025"", ""IMG-026""], ""review_flag"": """"}"
CHK-STD-NECKLACE-004,checklist_item,NECKLACE - STD-NECKLACE-004,"Accessory: NECKLACE
Standard ID: STD-NECKLACE-004
Requirement type: Dimension/geometry
Requirement: Please d-check VUM proceed/not --> decide holder dimension
Applicability / remark: All type
Source: NECKLACE!C8",NECKLACE,NECKLACE!C8,IMG-018; IMG-019; IMG-020; IMG-021; IMG-022; IMG-023; IMG-024; IMG-025; IMG-026,images/original/image19.png; images/original/image21.png; images/original/image22.png; images/original/image23.png; images/original/image24.png; images/original/image25.png; images/original/image26.png; images/original/image18.png; images/original/image20.png,"{""accessory"": ""NECKLACE"", ""standard_id"": ""STD-NECKLACE-004"", ""content_type"": ""checklist_item"", ""requirement_type"": ""Dimension/geometry"", ""source_sheet"": ""NECKLACE"", ""source_cell"": ""C8"", ""source_row"": 8, ""source"": ""NECKLACE!C8"", ""image_ids"": [""IMG-018"", ""IMG-019"", ""IMG-020"", ""IMG-021"", ""IMG-022"", ""IMG-023"", ""IMG-024"", ""IMG-025"", ""IMG-026""], ""review_flag"": """"}"
CHK-STD-BACKPACK_ASSY-001,checklist_item,BACKPACK ASSY - STD-BACKPACK_ASSY-001,"Accessory: BACKPACK ASSY
Standard ID: STD-BACKPACK_ASSY-001
Requirement type: General design
Requirement: Strap connection type mushroom
Applicability / remark: 
Source: Backpack assy!B4",BACKPACK ASSY,Backpack assy!B4,IMG-027; IMG-028; IMG-029; IMG-030; IMG-031,images/original/image27.png; images/original/image28.png; images/original/image29.png; images/original/image30.png; images/original/image31.png,"{""accessory"": ""BACKPACK ASSY"", ""standard_id"": ""STD-BACKPACK_ASSY-001"", ""content_type"": ""checklist_item"", ""requirement_type"": ""General design"", ""source_sheet"": ""Backpack assy"", ""source_cell"": ""B4"", ""source_row"": 4, ""source"": ""Backpack assy!B4"", ""image_ids"": [""IMG-027"", ""IMG-028"", ""IMG-029"", ""IMG-030"", ""IMG-031""], ""review_flag"": """"}"
CHK-STD-BACKPACK_ASSY-002,checklist_item,BACKPACK ASSY - STD-BACKPACK_ASSY-002,"Accessory: BACKPACK ASSY
Standard ID: STD-BACKPACK_ASSY-002
Requirement type: Assembly/fit
Requirement: Ensure there's locking slot on hole
Applicability / remark: 
Source: Backpack assy!B5",BACKPACK ASSY,Backpack assy!B5,IMG-027; IMG-028; IMG-029; IMG-030; IMG-031,images/original/image27.png; images/original/image28.png; images/original/image29.png; images/original/image30.png; images/original/image31.png,"{""accessory"": ""BACKPACK ASSY"", ""standard_id"": ""STD-BACKPACK_ASSY-002"", ""content_type"": ""checklist_item"", ""requirement_type"": ""Assembly/fit"", ""source_sheet"": ""Backpack assy"", ""source_cell"": ""B5"", ""source_row"": 5, ""source"": ""Backpack assy!B5"", ""image_ids"": [""IMG-027"", ""IMG-028"", ""IMG-029"", ""IMG-030"", ""IMG-031""], ""review_flag"": """"}"
CHK-STD-BACKPACK_ASSY-003,checklist_item,BACKPACK ASSY - STD-BACKPACK_ASSY-003,"Accessory: BACKPACK ASSY
Standard ID: STD-BACKPACK_ASSY-003
Requirement type: General design
Requirement: Add ribb allong backpack bottom
Applicability / remark: 
Source: Backpack assy!B6",BACKPACK ASSY,Backpack assy!B6,IMG-027; IMG-028; IMG-029; IMG-030; IMG-031,images/original/image27.png; images/original/image28.png; images/original/image29.png; images/original/image30.png; images/original/image31.png,"{""accessory"": ""BACKPACK ASSY"", ""standard_id"": ""STD-BACKPACK_ASSY-003"", ""content_type"": ""checklist_item"", ""requirement_type"": ""General design"", ""source_sheet"": ""Backpack assy"", ""source_cell"": ""B6"", ""source_row"": 6, ""source"": ""Backpack assy!B6"", ""image_ids"": [""IMG-027"", ""IMG-028"", ""IMG-029"", ""IMG-030"", ""IMG-031""], ""review_flag"": """"}"
CHK-STD-GLASSES-001,checklist_item,GLASSES - STD-GLASSES-001,"Accessory: GLASSES
Standard ID: STD-GLASSES-001
Requirement type: Mold/tooling
Requirement: P/L location, not go through middle of glass.
Applicability / remark: 
Source: GLASSES!C5",GLASSES,GLASSES!C5,IMG-033; IMG-034,images/original/image34.png; images/original/image33.png,"{""accessory"": ""GLASSES"", ""standard_id"": ""STD-GLASSES-001"", ""content_type"": ""checklist_item"", ""requirement_type"": ""Mold/tooling"", ""source_sheet"": ""GLASSES"", ""source_cell"": ""C5"", ""source_row"": 5, ""source"": ""GLASSES!C5"", ""image_ids"": [""IMG-033"", ""IMG-034""], ""review_flag"": """"}"
CHK-STD-GLASSES-002,checklist_item,GLASSES - STD-GLASSES-002,"Accessory: GLASSES
Standard ID: STD-GLASSES-002
Requirement type: General design
Requirement: Enough Connection at Middle
Applicability / remark: 
Source: GLASSES!C6",GLASSES,GLASSES!C6,IMG-033; IMG-034,images/original/image34.png; images/original/image33.png,"{""accessory"": ""GLASSES"", ""standard_id"": ""STD-GLASSES-002"", ""content_type"": ""checklist_item"", ""requirement_type"": ""General design"", ""source_sheet"": ""GLASSES"", ""source_cell"": ""C6"", ""source_row"": 6, ""source"": ""GLASSES!C6"", ""image_ids"": [""IMG-033"", ""IMG-034""], ""review_flag"": """"}"
CHK-STD-GLASSES-003,checklist_item,GLASSES - STD-GLASSES-003,"Accessory: GLASSES
Standard ID: STD-GLASSES-003
Requirement type: Mold/tooling
Requirement: Slide sticking, enough draft 3~10 degree.
Applicability / remark: 
Source: GLASSES!C7",GLASSES,GLASSES!C7,IMG-033; IMG-034,images/original/image34.png; images/original/image33.png,"{""accessory"": ""GLASSES"", ""standard_id"": ""STD-GLASSES-003"", ""content_type"": ""checklist_item"", ""requirement_type"": ""Mold/tooling"", ""source_sheet"": ""GLASSES"", ""source_cell"": ""C7"", ""source_row"": 7, ""source"": ""GLASSES!C7"", ""image_ids"": [""IMG-033"", ""IMG-034""], ""review_flag"": """"}"
CHK-STD-GLASSES-004,checklist_item,GLASSES - STD-GLASSES-004,"Accessory: GLASSES
Standard ID: STD-GLASSES-004
Requirement type: Mold/tooling
Requirement: Hang on slide, enough strike
Applicability / remark: 
Source: GLASSES!C8",GLASSES,GLASSES!C8,IMG-033; IMG-034,images/original/image34.png; images/original/image33.png,"{""accessory"": ""GLASSES"", ""standard_id"": ""STD-GLASSES-004"", ""content_type"": ""checklist_item"", ""requirement_type"": ""Mold/tooling"", ""source_sheet"": ""GLASSES"", ""source_cell"": ""C8"", ""source_row"": 8, ""source"": ""GLASSES!C8"", ""image_ids"": [""IMG-033"", ""IMG-034""], ""review_flag"": """"}"
CHK-STD-GLASSES-005,checklist_item,GLASSES - STD-GLASSES-005,"Accessory: GLASSES
Standard ID: STD-GLASSES-005
Requirement type: Dimension/geometry
Requirement: Basic wall thickness 1.5mm
Applicability / remark: 
Source: GLASSES!C9",GLASSES,GLASSES!C9,IMG-033; IMG-034,images/original/image34.png; images/original/image33.png,"{""accessory"": ""GLASSES"", ""standard_id"": ""STD-GLASSES-005"", ""content_type"": ""checklist_item"", ""requirement_type"": ""Dimension/geometry"", ""source_sheet"": ""GLASSES"", ""source_cell"": ""C9"", ""source_row"": 9, ""source"": ""GLASSES!C9"", ""image_ids"": [""IMG-033"", ""IMG-034""], ""review_flag"": """"}"
CHK-STD-HAIR_CLIP-001,checklist_item,HAIR CLIP - STD-HAIR_CLIP-001,"Accessory: HAIR CLIP
Standard ID: STD-HAIR_CLIP-001
Requirement type: General design
Requirement: Add notch on part
Applicability / remark: 
Source: Hair clip!C5",HAIR CLIP,Hair clip!C5,IMG-035; IMG-036; IMG-037,images/original/image37.png; images/original/image35.png; images/original/image36.png,"{""accessory"": ""HAIR CLIP"", ""standard_id"": ""STD-HAIR_CLIP-001"", ""content_type"": ""checklist_item"", ""requirement_type"": ""General design"", ""source_sheet"": ""Hair clip"", ""source_cell"": ""C5"", ""source_row"": 5, ""source"": ""Hair clip!C5"", ""image_ids"": [""IMG-035"", ""IMG-036"", ""IMG-037""], ""review_flag"": """"}"
CHK-STD-HAIR_CLIP-002,checklist_item,HAIR CLIP - STD-HAIR_CLIP-002,"Accessory: HAIR CLIP
Standard ID: STD-HAIR_CLIP-002
Requirement type: General design
Requirement: half plastic on hinge
Applicability / remark: 
Source: Hair clip!C6",HAIR CLIP,Hair clip!C6,IMG-035; IMG-036; IMG-037,images/original/image37.png; images/original/image35.png; images/original/image36.png,"{""accessory"": ""HAIR CLIP"", ""standard_id"": ""STD-HAIR_CLIP-002"", ""content_type"": ""checklist_item"", ""requirement_type"": ""General design"", ""source_sheet"": ""Hair clip"", ""source_cell"": ""C6"", ""source_row"": 6, ""source"": ""Hair clip!C6"", ""image_ids"": [""IMG-035"", ""IMG-036"", ""IMG-037""], ""review_flag"": """"}"
CHK-STD-HAIR_CLIP-003,checklist_item,HAIR CLIP - STD-HAIR_CLIP-003,"Accessory: HAIR CLIP
Standard ID: STD-HAIR_CLIP-003
Requirement type: General design
Requirement: coring on hinge
Applicability / remark: 
Source: Hair clip!C7",HAIR CLIP,Hair clip!C7,IMG-035; IMG-036; IMG-037,images/original/image37.png; images/original/image35.png; images/original/image36.png,"{""accessory"": ""HAIR CLIP"", ""standard_id"": ""STD-HAIR_CLIP-003"", ""content_type"": ""checklist_item"", ""requirement_type"": ""General design"", ""source_sheet"": ""Hair clip"", ""source_cell"": ""C7"", ""source_row"": 7, ""source"": ""Hair clip!C7"", ""image_ids"": [""IMG-035"", ""IMG-036"", ""IMG-037""], ""review_flag"": """"}"
CHK-STD-HAIR_CLIP-004,checklist_item,HAIR CLIP - STD-HAIR_CLIP-004,"Accessory: HAIR CLIP
Standard ID: STD-HAIR_CLIP-004
Requirement type: General design
Requirement: Bump on pin
Applicability / remark: 
Source: Hair clip!C8",HAIR CLIP,Hair clip!C8,IMG-035; IMG-036; IMG-037,images/original/image37.png; images/original/image35.png; images/original/image36.png,"{""accessory"": ""HAIR CLIP"", ""standard_id"": ""STD-HAIR_CLIP-004"", ""content_type"": ""checklist_item"", ""requirement_type"": ""General design"", ""source_sheet"": ""Hair clip"", ""source_cell"": ""C8"", ""source_row"": 8, ""source"": ""Hair clip!C8"", ""image_ids"": [""IMG-035"", ""IMG-036"", ""IMG-037""], ""review_flag"": """"}"
CHK-STD-HAIR_CLIP-005,checklist_item,HAIR CLIP - STD-HAIR_CLIP-005,"Accessory: HAIR CLIP
Standard ID: STD-HAIR_CLIP-005
Requirement type: General design
Requirement: Optimize projection area
Applicability / remark: 
Source: Hair clip!C9",HAIR CLIP,Hair clip!C9,IMG-035; IMG-036; IMG-037,images/original/image37.png; images/original/image35.png; images/original/image36.png,"{""accessory"": ""HAIR CLIP"", ""standard_id"": ""STD-HAIR_CLIP-005"", ""content_type"": ""checklist_item"", ""requirement_type"": ""General design"", ""source_sheet"": ""Hair clip"", ""source_cell"": ""C9"", ""source_row"": 9, ""source"": ""Hair clip!C9"", ""image_ids"": [""IMG-035"", ""IMG-036"", ""IMG-037""], ""review_flag"": """"}"
CHK-STD-SHOES-001,checklist_item,SHOES - STD-SHOES-001,"Accessory: SHOES
Standard ID: STD-SHOES-001
Requirement type: Decoration/marking
Requirement: Need jumping P/L at bottom if there's logo.
Applicability / remark: All type
Source: SHOES!C5",SHOES,SHOES!C5,IMG-038; IMG-039; IMG-040; IMG-041; IMG-042; IMG-043; IMG-044; IMG-045; IMG-046; IMG-047; IMG-048; IMG-049; IMG-050; IMG-051; IMG-052; IMG-053; IMG-054,images/original/image50.png; images/original/image42.png; images/original/image43.png; images/original/image39.jpeg; images/original/image40.png; images/original/image44.png; images/original/image52.png; images/original/image38.png; images/original/image46.png; images/original/image47.png; images/original/image48.png; images/original/image45.jpeg; images/original/image49.png; images/original/image45.jpeg; images/original/image41.png; images/original/image51.png; images/original/image41.png,"{""accessory"": ""SHOES"", ""standard_id"": ""STD-SHOES-001"", ""content_type"": ""checklist_item"", ""requirement_type"": ""Decoration/marking"", ""source_sheet"": ""SHOES"", ""source_cell"": ""C5"", ""source_row"": 5, ""source"": ""SHOES!C5"", ""image_ids"": [""IMG-038"", ""IMG-039"", ""IMG-040"", ""IMG-041"", ""IMG-042"", ""IMG-043"", ""IMG-044"", ""IMG-045"", ""IMG-046"", ""IMG-047"", ""IMG-048"", ""IMG-049"", ""IMG-050"", ""IMG-051"", ""IMG-052"", ""IMG-053"", ""IMG-054""], ""review_flag"": """"}"
CHK-STD-SHOES-002,checklist_item,SHOES - STD-SHOES-002,"Accessory: SHOES
Standard ID: STD-SHOES-002
Requirement type: Dimension/geometry
Requirement: Please add offset 0.3mm (clearance to leg) per side
Applicability / remark: All type
Source: SHOES!C6",SHOES,SHOES!C6,IMG-038; IMG-039; IMG-040; IMG-041; IMG-042; IMG-043; IMG-044; IMG-045; IMG-046; IMG-047; IMG-048; IMG-049; IMG-050; IMG-051; IMG-052; IMG-053; IMG-054,images/original/image50.png; images/original/image42.png; images/original/image43.png; images/original/image39.jpeg; images/original/image40.png; images/original/image44.png; images/original/image52.png; images/original/image38.png; images/original/image46.png; images/original/image47.png; images/original/image48.png; images/original/image45.jpeg; images/original/image49.png; images/original/image45.jpeg; images/original/image41.png; images/original/image51.png; images/original/image41.png,"{""accessory"": ""SHOES"", ""standard_id"": ""STD-SHOES-002"", ""content_type"": ""checklist_item"", ""requirement_type"": ""Dimension/geometry"", ""source_sheet"": ""SHOES"", ""source_cell"": ""C6"", ""source_row"": 6, ""source"": ""SHOES!C6"", ""image_ids"": [""IMG-038"", ""IMG-039"", ""IMG-040"", ""IMG-041"", ""IMG-042"", ""IMG-043"", ""IMG-044"", ""IMG-045"", ""IMG-046"", ""IMG-047"", ""IMG-048"", ""IMG-049"", ""IMG-050"", ""IMG-051"", ""IMG-052"", ""IMG-053"", ""IMG-054""], ""review_flag"": """"}"
CHK-STD-SHOES-003,checklist_item,SHOES - STD-SHOES-003,"Accessory: SHOES
Standard ID: STD-SHOES-003
Requirement type: Gate/runner/trimming
Requirement: Arrange layout R-R and L-L and add flag on runner to make trimming process easier
Applicability / remark: All type
Source: SHOES!C7",SHOES,SHOES!C7,IMG-038; IMG-039; IMG-040; IMG-041; IMG-042; IMG-043; IMG-044; IMG-045; IMG-046; IMG-047; IMG-048; IMG-049; IMG-050; IMG-051; IMG-052; IMG-053; IMG-054,images/original/image50.png; images/original/image42.png; images/original/image43.png; images/original/image39.jpeg; images/original/image40.png; images/original/image44.png; images/original/image52.png; images/original/image38.png; images/original/image46.png; images/original/image47.png; images/original/image48.png; images/original/image45.jpeg; images/original/image49.png; images/original/image45.jpeg; images/original/image41.png; images/original/image51.png; images/original/image41.png,"{""accessory"": ""SHOES"", ""standard_id"": ""STD-SHOES-003"", ""content_type"": ""checklist_item"", ""requirement_type"": ""Gate/runner/trimming"", ""source_sheet"": ""SHOES"", ""source_cell"": ""C7"", ""source_row"": 7, ""source"": ""SHOES!C7"", ""image_ids"": [""IMG-038"", ""IMG-039"", ""IMG-040"", ""IMG-041"", ""IMG-042"", ""IMG-043"", ""IMG-044"", ""IMG-045"", ""IMG-046"", ""IMG-047"", ""IMG-048"", ""IMG-049"", ""IMG-050"", ""IMG-051"", ""IMG-052"", ""IMG-053"", ""IMG-054""], ""review_flag"": """"}"
CHK-STD-SHOES-004,checklist_item,SHOES - STD-SHOES-004,"Accessory: SHOES
Standard ID: STD-SHOES-004
Requirement type: Decoration/marking
Requirement: Tampo issue- Ensure gate position not at side area bookmask (will affect paint issue)
Applicability / remark: All type
Source: SHOES!C8",SHOES,SHOES!C8,IMG-038; IMG-039; IMG-040; IMG-041; IMG-042; IMG-043; IMG-044; IMG-045; IMG-046; IMG-047; IMG-048; IMG-049; IMG-050; IMG-051; IMG-052; IMG-053; IMG-054,images/original/image50.png; images/original/image42.png; images/original/image43.png; images/original/image39.jpeg; images/original/image40.png; images/original/image44.png; images/original/image52.png; images/original/image38.png; images/original/image46.png; images/original/image47.png; images/original/image48.png; images/original/image45.jpeg; images/original/image49.png; images/original/image45.jpeg; images/original/image41.png; images/original/image51.png; images/original/image41.png,"{""accessory"": ""SHOES"", ""standard_id"": ""STD-SHOES-004"", ""content_type"": ""checklist_item"", ""requirement_type"": ""Decoration/marking"", ""source_sheet"": ""SHOES"", ""source_cell"": ""C8"", ""source_row"": 8, ""source"": ""SHOES!C8"", ""image_ids"": [""IMG-038"", ""IMG-039"", ""IMG-040"", ""IMG-041"", ""IMG-042"", ""IMG-043"", ""IMG-044"", ""IMG-045"", ""IMG-046"", ""IMG-047"", ""IMG-048"", ""IMG-049"", ""IMG-050"", ""IMG-051"", ""IMG-052"", ""IMG-053"", ""IMG-054""], ""review_flag"": """"}"
CHK-STD-SHOES-005,checklist_item,SHOES - STD-SHOES-005,"Accessory: SHOES
Standard ID: STD-SHOES-005
Requirement type: Decoration/marking
Requirement: Tampo issue - sculpted step w/ 0.5mm Radius or chamfer, 5 degree draft for tampo
Applicability / remark: Optional
Source: SHOES!C9",SHOES,SHOES!C9,IMG-038; IMG-039; IMG-040; IMG-041; IMG-042; IMG-043; IMG-044; IMG-045; IMG-046; IMG-047; IMG-048; IMG-049; IMG-050; IMG-051; IMG-052; IMG-053; IMG-054,images/original/image50.png; images/original/image42.png; images/original/image43.png; images/original/image39.jpeg; images/original/image40.png; images/original/image44.png; images/original/image52.png; images/original/image38.png; images/original/image46.png; images/original/image47.png; images/original/image48.png; images/original/image45.jpeg; images/original/image49.png; images/original/image45.jpeg; images/original/image41.png; images/original/image51.png; images/original/image41.png,"{""accessory"": ""SHOES"", ""standard_id"": ""STD-SHOES-005"", ""content_type"": ""checklist_item"", ""requirement_type"": ""Decoration/marking"", ""source_sheet"": ""SHOES"", ""source_cell"": ""C9"", ""source_row"": 9, ""source"": ""SHOES!C9"", ""image_ids"": [""IMG-038"", ""IMG-039"", ""IMG-040"", ""IMG-041"", ""IMG-042"", ""IMG-043"", ""IMG-044"", ""IMG-045"", ""IMG-046"", ""IMG-047"", ""IMG-048"", ""IMG-049"", ""IMG-050"", ""IMG-051"", ""IMG-052"", ""IMG-053"", ""IMG-054""], ""review_flag"": """"}"
CHK-STD-SHOES-006,checklist_item,SHOES - STD-SHOES-006,"Accessory: SHOES
Standard ID: STD-SHOES-006
Requirement type: Mold/tooling
Requirement: Ensure no undercut for bit/sculpture
Applicability / remark: All type
Source: SHOES!C10",SHOES,SHOES!C10,IMG-038; IMG-039; IMG-040; IMG-041; IMG-042; IMG-043; IMG-044; IMG-045; IMG-046; IMG-047; IMG-048; IMG-049; IMG-050; IMG-051; IMG-052; IMG-053; IMG-054,images/original/image50.png; images/original/image42.png; images/original/image43.png; images/original/image39.jpeg; images/original/image40.png; images/original/image44.png; images/original/image52.png; images/original/image38.png; images/original/image46.png; images/original/image47.png; images/original/image48.png; images/original/image45.jpeg; images/original/image49.png; images/original/image45.jpeg; images/original/image41.png; images/original/image51.png; images/original/image41.png,"{""accessory"": ""SHOES"", ""standard_id"": ""STD-SHOES-006"", ""content_type"": ""checklist_item"", ""requirement_type"": ""Mold/tooling"", ""source_sheet"": ""SHOES"", ""source_cell"": ""C10"", ""source_row"": 10, ""source"": ""SHOES!C10"", ""image_ids"": [""IMG-038"", ""IMG-039"", ""IMG-040"", ""IMG-041"", ""IMG-042"", ""IMG-043"", ""IMG-044"", ""IMG-045"", ""IMG-046"", ""IMG-047"", ""IMG-048"", ""IMG-049"", ""IMG-050"", ""IMG-051"", ""IMG-052"", ""IMG-053"", ""IMG-054""], ""review_flag"": """"}"
CHK-STD-SHOES-007,checklist_item,SHOES - STD-SHOES-007,"Accessory: SHOES
Standard ID: STD-SHOES-007
Requirement type: Assembly/fit
Requirement: Ensure there's open loop slit (to make detached part process easy)
Applicability / remark: All type
Source: SHOES!C11",SHOES,SHOES!C11,IMG-038; IMG-039; IMG-040; IMG-041; IMG-042; IMG-043; IMG-044; IMG-045; IMG-046; IMG-047; IMG-048; IMG-049; IMG-050; IMG-051; IMG-052; IMG-053; IMG-054,images/original/image50.png; images/original/image42.png; images/original/image43.png; images/original/image39.jpeg; images/original/image40.png; images/original/image44.png; images/original/image52.png; images/original/image38.png; images/original/image46.png; images/original/image47.png; images/original/image48.png; images/original/image45.jpeg; images/original/image49.png; images/original/image45.jpeg; images/original/image41.png; images/original/image51.png; images/original/image41.png,"{""accessory"": ""SHOES"", ""standard_id"": ""STD-SHOES-007"", ""content_type"": ""checklist_item"", ""requirement_type"": ""Assembly/fit"", ""source_sheet"": ""SHOES"", ""source_cell"": ""C11"", ""source_row"": 11, ""source"": ""SHOES!C11"", ""image_ids"": [""IMG-038"", ""IMG-039"", ""IMG-040"", ""IMG-041"", ""IMG-042"", ""IMG-043"", ""IMG-044"", ""IMG-045"", ""IMG-046"", ""IMG-047"", ""IMG-048"", ""IMG-049"", ""IMG-050"", ""IMG-051"", ""IMG-052"", ""IMG-053"", ""IMG-054""], ""review_flag"": """"}"
CHK-STD-SHOES-008,checklist_item,SHOES - STD-SHOES-008,"Accessory: SHOES
Standard ID: STD-SHOES-008
Requirement type: Mold/tooling
Requirement: Please apply qty cavity acs below:
simple deco --> 6 cav (CLN62-S501-02)
complex deco --> 4 cav (common design)
Applicability / remark: All type
Source: SHOES!C12",SHOES,SHOES!C12,IMG-038; IMG-039; IMG-040; IMG-041; IMG-042; IMG-043; IMG-044; IMG-045; IMG-046; IMG-047; IMG-048; IMG-049; IMG-050; IMG-051; IMG-052; IMG-053; IMG-054,images/original/image50.png; images/original/image42.png; images/original/image43.png; images/original/image39.jpeg; images/original/image40.png; images/original/image44.png; images/original/image52.png; images/original/image38.png; images/original/image46.png; images/original/image47.png; images/original/image48.png; images/original/image45.jpeg; images/original/image49.png; images/original/image45.jpeg; images/original/image41.png; images/original/image51.png; images/original/image41.png,"{""accessory"": ""SHOES"", ""standard_id"": ""STD-SHOES-008"", ""content_type"": ""checklist_item"", ""requirement_type"": ""Mold/tooling"", ""source_sheet"": ""SHOES"", ""source_cell"": ""C12"", ""source_row"": 12, ""source"": ""SHOES!C12"", ""image_ids"": [""IMG-038"", ""IMG-039"", ""IMG-040"", ""IMG-041"", ""IMG-042"", ""IMG-043"", ""IMG-044"", ""IMG-045"", ""IMG-046"", ""IMG-047"", ""IMG-048"", ""IMG-049"", ""IMG-050"", ""IMG-051"", ""IMG-052"", ""IMG-053"", ""IMG-054""], ""review_flag"": """"}"
CHK-STD-SHOES-009,checklist_item,SHOES - STD-SHOES-009,"Accessory: SHOES
Standard ID: STD-SHOES-009
Requirement type: Mold/tooling
Requirement: Please minimize floating core slit height (image below) for easier demold process
Applicability / remark: All type
Source: SHOES!C13",SHOES,SHOES!C13,IMG-038; IMG-039; IMG-040; IMG-041; IMG-042; IMG-043; IMG-044; IMG-045; IMG-046; IMG-047; IMG-048; IMG-049; IMG-050; IMG-051; IMG-052; IMG-053; IMG-054,images/original/image50.png; images/original/image42.png; images/original/image43.png; images/original/image39.jpeg; images/original/image40.png; images/original/image44.png; images/original/image52.png; images/original/image38.png; images/original/image46.png; images/original/image47.png; images/original/image48.png; images/original/image45.jpeg; images/original/image49.png; images/original/image45.jpeg; images/original/image41.png; images/original/image51.png; images/original/image41.png,"{""accessory"": ""SHOES"", ""standard_id"": ""STD-SHOES-009"", ""content_type"": ""checklist_item"", ""requirement_type"": ""Mold/tooling"", ""source_sheet"": ""SHOES"", ""source_cell"": ""C13"", ""source_row"": 13, ""source"": ""SHOES!C13"", ""image_ids"": [""IMG-038"", ""IMG-039"", ""IMG-040"", ""IMG-041"", ""IMG-042"", ""IMG-043"", ""IMG-044"", ""IMG-045"", ""IMG-046"", ""IMG-047"", ""IMG-048"", ""IMG-049"", ""IMG-050"", ""IMG-051"", ""IMG-052"", ""IMG-053"", ""IMG-054""], ""review_flag"": """"}"
CHK-STD-PET_SEPARATE_HEAD-001,checklist_item,PET(SEPARATE HEAD) - STD-PET_SEPARATE_HEAD-001,"Accessory: PET(SEPARATE HEAD)
Standard ID: STD-PET_SEPARATE_HEAD-001
Requirement type: Gate/runner/trimming
Requirement: Put gate position on upper neck or body (not assy area)
Applicability / remark: 
Source: PET(SEPARATE HEAD)!B5",PET(SEPARATE HEAD),PET(SEPARATE HEAD)!B5,IMG-055; IMG-056; IMG-057; IMG-058; IMG-059; IMG-060; IMG-061; IMG-062; IMG-063,images/original/image57.png; images/original/image58.png; images/original/image59.png; images/original/image54.png; images/original/image55.png; images/original/image53.png; images/original/image56.png; images/original/image60.png; images/original/image61.png,"{""accessory"": ""PET(SEPARATE HEAD)"", ""standard_id"": ""STD-PET_SEPARATE_HEAD-001"", ""content_type"": ""checklist_item"", ""requirement_type"": ""Gate/runner/trimming"", ""source_sheet"": ""PET(SEPARATE HEAD)"", ""source_cell"": ""B5"", ""source_row"": 5, ""source"": ""PET(SEPARATE HEAD)!B5"", ""image_ids"": [""IMG-055"", ""IMG-056"", ""IMG-057"", ""IMG-058"", ""IMG-059"", ""IMG-060"", ""IMG-061"", ""IMG-062"", ""IMG-063""], ""review_flag"": """"}"
CHK-STD-PET_SEPARATE_HEAD-002,checklist_item,PET(SEPARATE HEAD) - STD-PET_SEPARATE_HEAD-002,"Accessory: PET(SEPARATE HEAD)
Standard ID: STD-PET_SEPARATE_HEAD-002
Requirement type: Gate/runner/trimming
Requirement: Use Z puller at main runner
Applicability / remark: 
Source: PET(SEPARATE HEAD)!B6",PET(SEPARATE HEAD),PET(SEPARATE HEAD)!B6,IMG-055; IMG-056; IMG-057; IMG-058; IMG-059; IMG-060; IMG-061; IMG-062; IMG-063,images/original/image57.png; images/original/image58.png; images/original/image59.png; images/original/image54.png; images/original/image55.png; images/original/image53.png; images/original/image56.png; images/original/image60.png; images/original/image61.png,"{""accessory"": ""PET(SEPARATE HEAD)"", ""standard_id"": ""STD-PET_SEPARATE_HEAD-002"", ""content_type"": ""checklist_item"", ""requirement_type"": ""Gate/runner/trimming"", ""source_sheet"": ""PET(SEPARATE HEAD)"", ""source_cell"": ""B6"", ""source_row"": 6, ""source"": ""PET(SEPARATE HEAD)!B6"", ""image_ids"": [""IMG-055"", ""IMG-056"", ""IMG-057"", ""IMG-058"", ""IMG-059"", ""IMG-060"", ""IMG-061"", ""IMG-062"", ""IMG-063""], ""review_flag"": """"}"
CHK-STD-PET_SEPARATE_HEAD-003,checklist_item,PET(SEPARATE HEAD) - STD-PET_SEPARATE_HEAD-003,"Accessory: PET(SEPARATE HEAD)
Standard ID: STD-PET_SEPARATE_HEAD-003
Requirement type: Gate/runner/trimming
Requirement: Ensure there are ejector's placed at sub runner
Applicability / remark: 
Source: PET(SEPARATE HEAD)!B7",PET(SEPARATE HEAD),PET(SEPARATE HEAD)!B7,IMG-055; IMG-056; IMG-057; IMG-058; IMG-059; IMG-060; IMG-061; IMG-062; IMG-063,images/original/image57.png; images/original/image58.png; images/original/image59.png; images/original/image54.png; images/original/image55.png; images/original/image53.png; images/original/image56.png; images/original/image60.png; images/original/image61.png,"{""accessory"": ""PET(SEPARATE HEAD)"", ""standard_id"": ""STD-PET_SEPARATE_HEAD-003"", ""content_type"": ""checklist_item"", ""requirement_type"": ""Gate/runner/trimming"", ""source_sheet"": ""PET(SEPARATE HEAD)"", ""source_cell"": ""B7"", ""source_row"": 7, ""source"": ""PET(SEPARATE HEAD)!B7"", ""image_ids"": [""IMG-055"", ""IMG-056"", ""IMG-057"", ""IMG-058"", ""IMG-059"", ""IMG-060"", ""IMG-061"", ""IMG-062"", ""IMG-063""], ""review_flag"": """"}"
CHK-STD-PET_SEPARATE_HEAD-004,checklist_item,PET(SEPARATE HEAD) - STD-PET_SEPARATE_HEAD-004,"Accessory: PET(SEPARATE HEAD)
Standard ID: STD-PET_SEPARATE_HEAD-004
Requirement type: General design
Requirement: Apply D shape pokayoke for neck + Groove
Applicability / remark: 
Source: PET(SEPARATE HEAD)!B8",PET(SEPARATE HEAD),PET(SEPARATE HEAD)!B8,IMG-055; IMG-056; IMG-057; IMG-058; IMG-059; IMG-060; IMG-061; IMG-062; IMG-063,images/original/image57.png; images/original/image58.png; images/original/image59.png; images/original/image54.png; images/original/image55.png; images/original/image53.png; images/original/image56.png; images/original/image60.png; images/original/image61.png,"{""accessory"": ""PET(SEPARATE HEAD)"", ""standard_id"": ""STD-PET_SEPARATE_HEAD-004"", ""content_type"": ""checklist_item"", ""requirement_type"": ""General design"", ""source_sheet"": ""PET(SEPARATE HEAD)"", ""source_cell"": ""B8"", ""source_row"": 8, ""source"": ""PET(SEPARATE HEAD)!B8"", ""image_ids"": [""IMG-055"", ""IMG-056"", ""IMG-057"", ""IMG-058"", ""IMG-059"", ""IMG-060"", ""IMG-061"", ""IMG-062"", ""IMG-063""], ""review_flag"": """"}"
CHK-STD-PET_SEPARATE_HEAD-005,checklist_item,PET(SEPARATE HEAD) - STD-PET_SEPARATE_HEAD-005,"Accessory: PET(SEPARATE HEAD)
Standard ID: STD-PET_SEPARATE_HEAD-005
Requirement type: Dimension/geometry
Requirement: Add space on neck to head 2-3mm
Applicability / remark: 
Source: PET(SEPARATE HEAD)!B9",PET(SEPARATE HEAD),PET(SEPARATE HEAD)!B9,IMG-055; IMG-056; IMG-057; IMG-058; IMG-059; IMG-060; IMG-061; IMG-062; IMG-063,images/original/image57.png; images/original/image58.png; images/original/image59.png; images/original/image54.png; images/original/image55.png; images/original/image53.png; images/original/image56.png; images/original/image60.png; images/original/image61.png,"{""accessory"": ""PET(SEPARATE HEAD)"", ""standard_id"": ""STD-PET_SEPARATE_HEAD-005"", ""content_type"": ""checklist_item"", ""requirement_type"": ""Dimension/geometry"", ""source_sheet"": ""PET(SEPARATE HEAD)"", ""source_cell"": ""B9"", ""source_row"": 9, ""source"": ""PET(SEPARATE HEAD)!B9"", ""image_ids"": [""IMG-055"", ""IMG-056"", ""IMG-057"", ""IMG-058"", ""IMG-059"", ""IMG-060"", ""IMG-061"", ""IMG-062"", ""IMG-063""], ""review_flag"": """"}"
CHK-STD-PET_SEPARATE_HEAD-006,checklist_item,PET(SEPARATE HEAD) - STD-PET_SEPARATE_HEAD-006,"Accessory: PET(SEPARATE HEAD)
Standard ID: STD-PET_SEPARATE_HEAD-006
Requirement type: Mold/tooling
Requirement: Add cav number on body and inside head (not assy area)
Applicability / remark: 
Source: PET(SEPARATE HEAD)!B10",PET(SEPARATE HEAD),PET(SEPARATE HEAD)!B10,IMG-055; IMG-056; IMG-057; IMG-058; IMG-059; IMG-060; IMG-061; IMG-062; IMG-063,images/original/image57.png; images/original/image58.png; images/original/image59.png; images/original/image54.png; images/original/image55.png; images/original/image53.png; images/original/image56.png; images/original/image60.png; images/original/image61.png,"{""accessory"": ""PET(SEPARATE HEAD)"", ""standard_id"": ""STD-PET_SEPARATE_HEAD-006"", ""content_type"": ""checklist_item"", ""requirement_type"": ""Mold/tooling"", ""source_sheet"": ""PET(SEPARATE HEAD)"", ""source_cell"": ""B10"", ""source_row"": 10, ""source"": ""PET(SEPARATE HEAD)!B10"", ""image_ids"": [""IMG-055"", ""IMG-056"", ""IMG-057"", ""IMG-058"", ""IMG-059"", ""IMG-060"", ""IMG-061"", ""IMG-062"", ""IMG-063""], ""review_flag"": """"}"
CHK-STD-PET_SEPARATE_HEAD-007,checklist_item,PET(SEPARATE HEAD) - STD-PET_SEPARATE_HEAD-007,"Accessory: PET(SEPARATE HEAD)
Standard ID: STD-PET_SEPARATE_HEAD-007
Requirement type: Assembly/fit
Requirement: Add KD area head and neck (assembly area)
Applicability / remark: 
Source: PET(SEPARATE HEAD)!B11",PET(SEPARATE HEAD),PET(SEPARATE HEAD)!B11,IMG-055; IMG-056; IMG-057; IMG-058; IMG-059; IMG-060; IMG-061; IMG-062; IMG-063,images/original/image57.png; images/original/image58.png; images/original/image59.png; images/original/image54.png; images/original/image55.png; images/original/image53.png; images/original/image56.png; images/original/image60.png; images/original/image61.png,"{""accessory"": ""PET(SEPARATE HEAD)"", ""standard_id"": ""STD-PET_SEPARATE_HEAD-007"", ""content_type"": ""checklist_item"", ""requirement_type"": ""Assembly/fit"", ""source_sheet"": ""PET(SEPARATE HEAD)"", ""source_cell"": ""B11"", ""source_row"": 11, ""source"": ""PET(SEPARATE HEAD)!B11"", ""image_ids"": [""IMG-055"", ""IMG-056"", ""IMG-057"", ""IMG-058"", ""IMG-059"", ""IMG-060"", ""IMG-061"", ""IMG-062"", ""IMG-063""], ""review_flag"": """"}"
CHK-STD-PET_SEPARATE_HEAD-008,checklist_item,PET(SEPARATE HEAD) - STD-PET_SEPARATE_HEAD-008,"Accessory: PET(SEPARATE HEAD)
Standard ID: STD-PET_SEPARATE_HEAD-008
Requirement type: Gate/runner/trimming
Requirement: Add tool no at runner
Applicability / remark: 
Source: PET(SEPARATE HEAD)!B12",PET(SEPARATE HEAD),PET(SEPARATE HEAD)!B12,IMG-055; IMG-056; IMG-057; IMG-058; IMG-059; IMG-060; IMG-061; IMG-062; IMG-063,images/original/image57.png; images/original/image58.png; images/original/image59.png; images/original/image54.png; images/original/image55.png; images/original/image53.png; images/original/image56.png; images/original/image60.png; images/original/image61.png,"{""accessory"": ""PET(SEPARATE HEAD)"", ""standard_id"": ""STD-PET_SEPARATE_HEAD-008"", ""content_type"": ""checklist_item"", ""requirement_type"": ""Gate/runner/trimming"", ""source_sheet"": ""PET(SEPARATE HEAD)"", ""source_cell"": ""B12"", ""source_row"": 12, ""source"": ""PET(SEPARATE HEAD)!B12"", ""image_ids"": [""IMG-055"", ""IMG-056"", ""IMG-057"", ""IMG-058"", ""IMG-059"", ""IMG-060"", ""IMG-061"", ""IMG-062"", ""IMG-063""], ""review_flag"": """"}"
CHK-STD-PET_SEPARATE_HEAD-009,checklist_item,PET(SEPARATE HEAD) - STD-PET_SEPARATE_HEAD-009,"Accessory: PET(SEPARATE HEAD)
Standard ID: STD-PET_SEPARATE_HEAD-009
Requirement type: Mold/tooling
Requirement: Please add cooling on slider (pet head)
Applicability / remark: 
Source: PET(SEPARATE HEAD)!B13",PET(SEPARATE HEAD),PET(SEPARATE HEAD)!B13,IMG-055; IMG-056; IMG-057; IMG-058; IMG-059; IMG-060; IMG-061; IMG-062; IMG-063,images/original/image57.png; images/original/image58.png; images/original/image59.png; images/original/image54.png; images/original/image55.png; images/original/image53.png; images/original/image56.png; images/original/image60.png; images/original/image61.png,"{""accessory"": ""PET(SEPARATE HEAD)"", ""standard_id"": ""STD-PET_SEPARATE_HEAD-009"", ""content_type"": ""checklist_item"", ""requirement_type"": ""Mold/tooling"", ""source_sheet"": ""PET(SEPARATE HEAD)"", ""source_cell"": ""B13"", ""source_row"": 13, ""source"": ""PET(SEPARATE HEAD)!B13"", ""image_ids"": [""IMG-055"", ""IMG-056"", ""IMG-057"", ""IMG-058"", ""IMG-059"", ""IMG-060"", ""IMG-061"", ""IMG-062"", ""IMG-063""], ""review_flag"": """"}"
CHK-STD-PET_SEPARATE_HEAD-010,checklist_item,PET(SEPARATE HEAD) - STD-PET_SEPARATE_HEAD-010,"Accessory: PET(SEPARATE HEAD)
Standard ID: STD-PET_SEPARATE_HEAD-010
Requirement type: Mold/tooling
Requirement: Develop Jig cooling
Applicability / remark: 
Source: PET(SEPARATE HEAD)!B14",PET(SEPARATE HEAD),PET(SEPARATE HEAD)!B14,IMG-055; IMG-056; IMG-057; IMG-058; IMG-059; IMG-060; IMG-061; IMG-062; IMG-063,images/original/image57.png; images/original/image58.png; images/original/image59.png; images/original/image54.png; images/original/image55.png; images/original/image53.png; images/original/image56.png; images/original/image60.png; images/original/image61.png,"{""accessory"": ""PET(SEPARATE HEAD)"", ""standard_id"": ""STD-PET_SEPARATE_HEAD-010"", ""content_type"": ""checklist_item"", ""requirement_type"": ""Mold/tooling"", ""source_sheet"": ""PET(SEPARATE HEAD)"", ""source_cell"": ""B14"", ""source_row"": 14, ""source"": ""PET(SEPARATE HEAD)!B14"", ""image_ids"": [""IMG-055"", ""IMG-056"", ""IMG-057"", ""IMG-058"", ""IMG-059"", ""IMG-060"", ""IMG-061"", ""IMG-062"", ""IMG-063""], ""review_flag"": """"}"
CHK-STD-SHOULDER_CONNECTOR-001,checklist_item,SHOULDER CONNECTOR - STD-SHOULDER_CONNECTOR-001,"Accessory: SHOULDER CONNECTOR
Standard ID: STD-SHOULDER_CONNECTOR-001
Requirement type: Mold/tooling
Requirement: Number of cav : 8 (23T) /16 (55T)
Applicability / remark: All type
Source: Shoulder connector!B2",SHOULDER CONNECTOR,Shoulder connector!B2,IMG-064; IMG-065; IMG-066; IMG-067; IMG-068; IMG-069; IMG-070; IMG-071; IMG-072,images/original/image65.png; images/original/image66.png; images/original/image67.png; images/original/image62.png; images/original/image63.png; images/original/image64.png; images/original/image66.png; images/original/image67.png; images/original/image68.png,"{""accessory"": ""SHOULDER CONNECTOR"", ""standard_id"": ""STD-SHOULDER_CONNECTOR-001"", ""content_type"": ""checklist_item"", ""requirement_type"": ""Mold/tooling"", ""source_sheet"": ""Shoulder connector"", ""source_cell"": ""B2"", ""source_row"": 2, ""source"": ""Shoulder connector!B2"", ""image_ids"": [""IMG-064"", ""IMG-065"", ""IMG-066"", ""IMG-067"", ""IMG-068"", ""IMG-069"", ""IMG-070"", ""IMG-071"", ""IMG-072""], ""review_flag"": """"}"
CHK-STD-SHOULDER_CONNECTOR-002,checklist_item,SHOULDER CONNECTOR - STD-SHOULDER_CONNECTOR-002,"Accessory: SHOULDER CONNECTOR
Standard ID: STD-SHOULDER_CONNECTOR-002
Requirement type: Assembly/fit
Requirement: Design Connector :
-Doom design : no need bump
-Hole design : 1 bump, 1 side only
Applicability / remark: All type
Source: Shoulder connector!B3",SHOULDER CONNECTOR,Shoulder connector!B3,IMG-064; IMG-065; IMG-066; IMG-067; IMG-068; IMG-069; IMG-070; IMG-071; IMG-072,images/original/image65.png; images/original/image66.png; images/original/image67.png; images/original/image62.png; images/original/image63.png; images/original/image64.png; images/original/image66.png; images/original/image67.png; images/original/image68.png,"{""accessory"": ""SHOULDER CONNECTOR"", ""standard_id"": ""STD-SHOULDER_CONNECTOR-002"", ""content_type"": ""checklist_item"", ""requirement_type"": ""Assembly/fit"", ""source_sheet"": ""Shoulder connector"", ""source_cell"": ""B3"", ""source_row"": 3, ""source"": ""Shoulder connector!B3"", ""image_ids"": [""IMG-064"", ""IMG-065"", ""IMG-066"", ""IMG-067"", ""IMG-068"", ""IMG-069"", ""IMG-070"", ""IMG-071"", ""IMG-072""], ""review_flag"": """"}"
CHK-STD-SHOULDER_CONNECTOR-003,checklist_item,SHOULDER CONNECTOR - STD-SHOULDER_CONNECTOR-003,"Accessory: SHOULDER CONNECTOR
Standard ID: STD-SHOULDER_CONNECTOR-003
Requirement type: Gate/runner/trimming
Requirement: Runner type
-Auto : I shape
-Semi auto : H shape
Applicability / remark: All type
Source: Shoulder connector!B4",SHOULDER CONNECTOR,Shoulder connector!B4,IMG-064; IMG-065; IMG-066; IMG-067; IMG-068; IMG-069; IMG-070; IMG-071; IMG-072,images/original/image65.png; images/original/image66.png; images/original/image67.png; images/original/image62.png; images/original/image63.png; images/original/image64.png; images/original/image66.png; images/original/image67.png; images/original/image68.png,"{""accessory"": ""SHOULDER CONNECTOR"", ""standard_id"": ""STD-SHOULDER_CONNECTOR-003"", ""content_type"": ""checklist_item"", ""requirement_type"": ""Gate/runner/trimming"", ""source_sheet"": ""Shoulder connector"", ""source_cell"": ""B4"", ""source_row"": 4, ""source"": ""Shoulder connector!B4"", ""image_ids"": [""IMG-064"", ""IMG-065"", ""IMG-066"", ""IMG-067"", ""IMG-068"", ""IMG-069"", ""IMG-070"", ""IMG-071"", ""IMG-072""], ""review_flag"": """"}"
CHK-STD-SHOULDER_CONNECTOR-004,checklist_item,SHOULDER CONNECTOR - STD-SHOULDER_CONNECTOR-004,"Accessory: SHOULDER CONNECTOR
Standard ID: STD-SHOULDER_CONNECTOR-004
Requirement type: Safety/edge
Requirement: Please add stopper

Limit issue scratch
limit issue abuse
Applicability / remark: All type
Source: Shoulder connector!B5",SHOULDER CONNECTOR,Shoulder connector!B5,IMG-064; IMG-065; IMG-066; IMG-067; IMG-068; IMG-069; IMG-070; IMG-071; IMG-072,images/original/image65.png; images/original/image66.png; images/original/image67.png; images/original/image62.png; images/original/image63.png; images/original/image64.png; images/original/image66.png; images/original/image67.png; images/original/image68.png,"{""accessory"": ""SHOULDER CONNECTOR"", ""standard_id"": ""STD-SHOULDER_CONNECTOR-004"", ""content_type"": ""checklist_item"", ""requirement_type"": ""Safety/edge"", ""source_sheet"": ""Shoulder connector"", ""source_cell"": ""B5"", ""source_row"": 5, ""source"": ""Shoulder connector!B5"", ""image_ids"": [""IMG-064"", ""IMG-065"", ""IMG-066"", ""IMG-067"", ""IMG-068"", ""IMG-069"", ""IMG-070"", ""IMG-071"", ""IMG-072""], ""review_flag"": """"}"
CHK-STD-ARM-001,checklist_item,ARM - STD-ARM-001,"Accessory: ARM
Standard ID: STD-ARM-001
Requirement type: Assembly/fit
Requirement: No need KD
Applicability / remark: All type
Source: Arm!B2",ARM,Arm!B2,IMG-073; IMG-074,images/original/image70.jpeg; images/original/image69.png,"{""accessory"": ""ARM"", ""standard_id"": ""STD-ARM-001"", ""content_type"": ""checklist_item"", ""requirement_type"": ""Assembly/fit"", ""source_sheet"": ""Arm"", ""source_cell"": ""B2"", ""source_row"": 2, ""source"": ""Arm!B2"", ""image_ids"": [""IMG-073"", ""IMG-074""], ""review_flag"": """"}"
CHK-STD-ARM-002,checklist_item,ARM - STD-ARM-002,"Accessory: ARM
Standard ID: STD-ARM-002
Requirement type: Assembly/fit
Requirement: Please add ribs on pocket connector
Applicability / remark: All type
Source: Arm!B3",ARM,Arm!B3,IMG-073; IMG-074,images/original/image70.jpeg; images/original/image69.png,"{""accessory"": ""ARM"", ""standard_id"": ""STD-ARM-002"", ""content_type"": ""checklist_item"", ""requirement_type"": ""Assembly/fit"", ""source_sheet"": ""Arm"", ""source_cell"": ""B3"", ""source_row"": 3, ""source"": ""Arm!B3"", ""image_ids"": [""IMG-073"", ""IMG-074""], ""review_flag"": """"}"
CHK-STD-ARM-003,checklist_item,ARM - STD-ARM-003,"Accessory: ARM
Standard ID: STD-ARM-003
Requirement type: Reference/sample
Requirement: Refference :
**Straight arm
4 set --> DVX72-Q601-16
**bent arm
4 set --> T7738-Q502-02
**bent&straight
2 set -->HJN31-U981-01
Applicability / remark: All type
Source: Arm!B4",ARM,Arm!B4,IMG-073; IMG-074,images/original/image70.jpeg; images/original/image69.png,"{""accessory"": ""ARM"", ""standard_id"": ""STD-ARM-003"", ""content_type"": ""checklist_item"", ""requirement_type"": ""Reference/sample"", ""source_sheet"": ""Arm"", ""source_cell"": ""B4"", ""source_row"": 4, ""source"": ""Arm!B4"", ""image_ids"": [""IMG-073"", ""IMG-074""], ""review_flag"": """"}"
CHK-STD-ARM-004,checklist_item,ARM - STD-ARM-004,"Accessory: ARM
Standard ID: STD-ARM-004
Requirement type: Material/process
Requirement: Matte surface finish
Applicability / remark: All type
Source: Arm!B5",ARM,Arm!B5,IMG-073; IMG-074,images/original/image70.jpeg; images/original/image69.png,"{""accessory"": ""ARM"", ""standard_id"": ""STD-ARM-004"", ""content_type"": ""checklist_item"", ""requirement_type"": ""Material/process"", ""source_sheet"": ""Arm"", ""source_cell"": ""B5"", ""source_row"": 5, ""source"": ""Arm!B5"", ""image_ids"": [""IMG-073"", ""IMG-074""], ""review_flag"": """"}"
CHK-STD-ARM-005,checklist_item,ARM - STD-ARM-005,"Accessory: ARM
Standard ID: STD-ARM-005
Requirement type: Gate/runner/trimming
Requirement: Please confirm runner design for auto PIM or not
*design reff DVX72-Q601-02
Applicability / remark: All type
Source: Arm!B6",ARM,Arm!B6,IMG-073; IMG-074,images/original/image70.jpeg; images/original/image69.png,"{""accessory"": ""ARM"", ""standard_id"": ""STD-ARM-005"", ""content_type"": ""checklist_item"", ""requirement_type"": ""Gate/runner/trimming"", ""source_sheet"": ""Arm"", ""source_cell"": ""B6"", ""source_row"": 6, ""source"": ""Arm!B6"", ""image_ids"": [""IMG-073"", ""IMG-074""], ""review_flag"": """"}"
CHK-STD-VUM_HOLDER-001,checklist_item,VUM HOLDER - STD-VUM_HOLDER-001,"Accessory: VUM HOLDER
Standard ID: STD-VUM_HOLDER-001
Requirement type: General design
Requirement: Please create part cloose loop (doesn't colapse when rotate)
Applicability / remark: All type
Source: VUM Holder!B2",VUM HOLDER,VUM Holder!B2,IMG-075; IMG-076; IMG-077,images/original/image71.png; images/original/image72.png; images/original/image73.png,"{""accessory"": ""VUM HOLDER"", ""standard_id"": ""STD-VUM_HOLDER-001"", ""content_type"": ""checklist_item"", ""requirement_type"": ""General design"", ""source_sheet"": ""VUM Holder"", ""source_cell"": ""B2"", ""source_row"": 2, ""source"": ""VUM Holder!B2"", ""image_ids"": [""IMG-075"", ""IMG-076"", ""IMG-077""], ""review_flag"": """"}"
CHK-STD-VUM_HOLDER-002,checklist_item,VUM HOLDER - STD-VUM_HOLDER-002,"Accessory: VUM HOLDER
Standard ID: STD-VUM_HOLDER-002
Requirement type: Gate/runner/trimming
Requirement: Please ensure edge gate
Applicability / remark: All type
Source: VUM Holder!B3",VUM HOLDER,VUM Holder!B3,IMG-075; IMG-076; IMG-077,images/original/image71.png; images/original/image72.png; images/original/image73.png,"{""accessory"": ""VUM HOLDER"", ""standard_id"": ""STD-VUM_HOLDER-002"", ""content_type"": ""checklist_item"", ""requirement_type"": ""Gate/runner/trimming"", ""source_sheet"": ""VUM Holder"", ""source_cell"": ""B3"", ""source_row"": 3, ""source"": ""VUM Holder!B3"", ""image_ids"": [""IMG-075"", ""IMG-076"", ""IMG-077""], ""review_flag"": """"}"
CHK-STD-VUM_HOLDER-003,checklist_item,VUM HOLDER - STD-VUM_HOLDER-003,"Accessory: VUM HOLDER
Standard ID: STD-VUM_HOLDER-003
Requirement type: Dimension/geometry
Requirement: Please ensure holder dimension Ø5mm x 15mm length
Applicability / remark: All type
Source: VUM Holder!B4",VUM HOLDER,VUM Holder!B4,IMG-075; IMG-076; IMG-077,images/original/image71.png; images/original/image72.png; images/original/image73.png,"{""accessory"": ""VUM HOLDER"", ""standard_id"": ""STD-VUM_HOLDER-003"", ""content_type"": ""checklist_item"", ""requirement_type"": ""Dimension/geometry"", ""source_sheet"": ""VUM Holder"", ""source_cell"": ""B4"", ""source_row"": 4, ""source"": ""VUM Holder!B4"", ""image_ids"": [""IMG-075"", ""IMG-076"", ""IMG-077""], ""review_flag"": """"}"
CHK-STD-VUM_HOLDER-004,checklist_item,VUM HOLDER - STD-VUM_HOLDER-004,"Accessory: VUM HOLDER
Standard ID: STD-VUM_HOLDER-004
Requirement type: Gate/runner/trimming
Requirement: Please ensure part 1 times VUM, no separate sub runner
Applicability / remark: All type
Source: VUM Holder!B5",VUM HOLDER,VUM Holder!B5,IMG-075; IMG-076; IMG-077,images/original/image71.png; images/original/image72.png; images/original/image73.png,"{""accessory"": ""VUM HOLDER"", ""standard_id"": ""STD-VUM_HOLDER-004"", ""content_type"": ""checklist_item"", ""requirement_type"": ""Gate/runner/trimming"", ""source_sheet"": ""VUM Holder"", ""source_cell"": ""B5"", ""source_row"": 5, ""source"": ""VUM Holder!B5"", ""image_ids"": [""IMG-075"", ""IMG-076"", ""IMG-077""], ""review_flag"": """"}"
REF-REF-HANDRING-001,reference_record,HANDRING reference - DGW46,"Handring reference record REF-HANDRING-001. Toy No: DGW46; Tools: DGW46-Q052-01; Build year: 2019; Built by: NHT; Handring parts dimension
(Model): 1.5; Handring parts dimension
(Actual): 1.53; VUM: NO; Hand ring drill: 1.7; Remark: COCKTAIL RING EA CP DGW46-Q052; Production: EOT 7/24/21; evidence_image_ids: IMG-004; IMG-005; related_image_count: 2",HANDRING,HANDRING!A2,IMG-004; IMG-005,images/original/image4.png; images/original/image5.png,"{""accessory"": ""HANDRING"", ""reference_id"": ""REF-HANDRING-001"", ""content_type"": ""reference_record"", ""source_sheet"": ""HANDRING"", ""source_row"": 2, ""source"": ""HANDRING!A2"", ""image_ids"": [""IMG-004"", ""IMG-005""]}"
REF-REF-HANDRING-002,reference_record,HANDRING reference - GTJ95,"Handring reference record REF-HANDRING-002. Toy No: GTJ95; Tools: GTJ95-U832-01; Build year: 2013; Built by: MTI; Handring parts dimension
(Model): 1.5; VUM: NO; Hand ring drill: 1.8; Remark: HAND RING GTJ95 EA CP GTJ95-U832; evidence_image_ids: IMG-004; IMG-005; related_image_count: 2",HANDRING,HANDRING!A3,IMG-004; IMG-005,images/original/image4.png; images/original/image5.png,"{""accessory"": ""HANDRING"", ""reference_id"": ""REF-HANDRING-002"", ""content_type"": ""reference_record"", ""source_sheet"": ""HANDRING"", ""source_row"": 3, ""source"": ""HANDRING!A3"", ""image_ids"": [""IMG-004"", ""IMG-005""]}"
REF-REF-HANDRING-003,reference_record,HANDRING reference - GHT91,"Handring reference record REF-HANDRING-003. Toy No: GHT91; Tools: FJH75-K511-01; Build year: 2013; Built by: MTI; Handring parts dimension
(Model): 1.6; Handring parts dimension
(Actual): 1.62; VUM: YES; Hand ring drill: 1.8; Remark: VUM HANDRING LF MOLD: FJH75-K511; evidence_image_ids: IMG-004; IMG-005; related_image_count: 2",HANDRING,HANDRING!A4,IMG-004; IMG-005,images/original/image4.png; images/original/image5.png,"{""accessory"": ""HANDRING"", ""reference_id"": ""REF-HANDRING-003"", ""content_type"": ""reference_record"", ""source_sheet"": ""HANDRING"", ""source_row"": 4, ""source"": ""HANDRING!A4"", ""image_ids"": [""IMG-004"", ""IMG-005""]}"
REF-REF-HANDRING-004,reference_record,HANDRING reference - GTJ87,"Handring reference record REF-HANDRING-004. Toy No: GTJ87; Tools: 1953-Q502-01; Build year: 2019; Built by: NHT; Handring parts dimension
(Model): N/A; Handring parts dimension
(Actual): 1.5; Hand ring drill: 1.8; Remark: HAND RING GTJ87 EA CP 1953-Q502; evidence_image_ids: IMG-004; IMG-005; related_image_count: 2",HANDRING,HANDRING!A5,IMG-004; IMG-005,images/original/image4.png; images/original/image5.png,"{""accessory"": ""HANDRING"", ""reference_id"": ""REF-HANDRING-004"", ""content_type"": ""reference_record"", ""source_sheet"": ""HANDRING"", ""source_row"": 5, ""source"": ""HANDRING!A5"", ""image_ids"": [""IMG-004"", ""IMG-005""]}"
REF-REF-HANDRING-005,reference_record,HANDRING reference - GTJ88,"Handring reference record REF-HANDRING-005. Toy No: GTJ88; Tools: 1953-Q502-01; Build year: 2019; Built by: NHT; Handring parts dimension
(Model): N/A; Handring parts dimension
(Actual): 1.5; Hand ring drill: 1.8; Remark: HAND RING GTJ87 EA CP 1953-Q502; evidence_image_ids: IMG-004; IMG-005; related_image_count: 2",HANDRING,HANDRING!A6,IMG-004; IMG-005,images/original/image4.png; images/original/image5.png,"{""accessory"": ""HANDRING"", ""reference_id"": ""REF-HANDRING-005"", ""content_type"": ""reference_record"", ""source_sheet"": ""HANDRING"", ""source_row"": 6, ""source"": ""HANDRING!A6"", ""image_ids"": [""IMG-004"", ""IMG-005""]}"
REF-REF-HANDRING-006,reference_record,HANDRING reference - GXL24,"Handring reference record REF-HANDRING-006. Toy No: GXL24; Tools: 1953-Q502-01; Build year: 2019; Built by: NHT; Handring parts dimension
(Model): N/A; Handring parts dimension
(Actual): 1.5; Hand ring drill: 1.8; Remark: HAND RING GTJ87 EA CP 1953-Q502; evidence_image_ids: IMG-004; IMG-005; related_image_count: 2",HANDRING,HANDRING!A7,IMG-004; IMG-005,images/original/image4.png; images/original/image5.png,"{""accessory"": ""HANDRING"", ""reference_id"": ""REF-HANDRING-006"", ""content_type"": ""reference_record"", ""source_sheet"": ""HANDRING"", ""source_row"": 7, ""source"": ""HANDRING!A7"", ""image_ids"": [""IMG-004"", ""IMG-005""]}"
REF-REF-HANDRING-007,reference_record,HANDRING reference - GTJ85,"Handring reference record REF-HANDRING-007. Toy No: GTJ85; Tools: FJH75-K511-01; Build year: 2013; Built by: MTI; Handring parts dimension
(Model): 1.6; Handring parts dimension
(Actual): 1.62; Hand ring drill: 1.9; Remark: HAND RING GTJ85 EA CP FJH75-K511; Production: EOT 8/14/21; evidence_image_ids: IMG-004; IMG-005; related_image_count: 2",HANDRING,HANDRING!A8,IMG-004; IMG-005,images/original/image4.png; images/original/image5.png,"{""accessory"": ""HANDRING"", ""reference_id"": ""REF-HANDRING-007"", ""content_type"": ""reference_record"", ""source_sheet"": ""HANDRING"", ""source_row"": 8, ""source"": ""HANDRING!A8"", ""image_ids"": [""IMG-004"", ""IMG-005""]}"
REF-REF-HANDRING-008,reference_record,HANDRING reference - GXL18,"Handring reference record REF-HANDRING-008. Toy No: GXL18; Tools: No hand ring; Build year: 0; Built by: 0; Hand ring drill: 2; Remark: Aisyah, toy ini gak pake handring. Pls. advise; evidence_image_ids: IMG-004; IMG-005; related_image_count: 2",HANDRING,HANDRING!A9,IMG-004; IMG-005,images/original/image4.png; images/original/image5.png,"{""accessory"": ""HANDRING"", ""reference_id"": ""REF-HANDRING-008"", ""content_type"": ""reference_record"", ""source_sheet"": ""HANDRING"", ""source_row"": 9, ""source"": ""HANDRING!A9"", ""image_ids"": [""IMG-004"", ""IMG-005""]}"
REF-REF-HANDRING-009,reference_record,HANDRING reference - GHT91,"Handring reference record REF-HANDRING-009. Toy No: GHT91; Tools: GHT91-K511-01; Build year: N/A; Built by: N/A; Handring parts dimension
(Model): 1.6; Handring parts dimension
(Actual): 1.6; VUM: VUM; Hand ring drill: 2.0; Remark: VUM HANDRING LF
MOLD: FJH75-K511
HANDRING BMR NEW EA CP GHT91-K511; Production: RE-run : 10/16 and 10/13 qty 14.7; evidence_image_ids: IMG-004; IMG-005; related_image_count: 2",HANDRING,HANDRING!A10,IMG-004; IMG-005,images/original/image4.png; images/original/image5.png,"{""accessory"": ""HANDRING"", ""reference_id"": ""REF-HANDRING-009"", ""content_type"": ""reference_record"", ""source_sheet"": ""HANDRING"", ""source_row"": 10, ""source"": ""HANDRING!A10"", ""image_ids"": [""IMG-004"", ""IMG-005""]}"
REF-REF-HANDRING-010,reference_record,HANDRING reference - HJX01,"Handring reference record REF-HANDRING-010. Toy No: HJX01; Tools: FJH75-K511-01; Build year: 2013; Built by: MTI; Handring parts dimension
(Model): 1.6; Handring parts dimension
(Actual): 1.62; Remark: FJH75-K511; evidence_image_ids: IMG-004; IMG-005; related_image_count: 2",HANDRING,HANDRING!A11,IMG-004; IMG-005,images/original/image4.png; images/original/image5.png,"{""accessory"": ""HANDRING"", ""reference_id"": ""REF-HANDRING-010"", ""content_type"": ""reference_record"", ""source_sheet"": ""HANDRING"", ""source_row"": 11, ""source"": ""HANDRING!A11"", ""image_ids"": [""IMG-004"", ""IMG-005""]}"
REF-REF-HANDRING-011,reference_record,HANDRING reference - HJX18,Handring reference record REF-HANDRING-011. Toy No: HJX18; Tools: HBY13-U512-01; Build year: 2013; Built by: MTI; evidence_image_ids: IMG-004; IMG-005; related_image_count: 2,HANDRING,HANDRING!A12,IMG-004; IMG-005,images/original/image4.png; images/original/image5.png,"{""accessory"": ""HANDRING"", ""reference_id"": ""REF-HANDRING-011"", ""content_type"": ""reference_record"", ""source_sheet"": ""HANDRING"", ""source_row"": 12, ""source"": ""HANDRING!A12"", ""image_ids"": [""IMG-004"", ""IMG-005""]}"
REF-REF-HANDRING-012,reference_record,HANDRING reference - HJX41,Handring reference record REF-HANDRING-012. Toy No: HJX41; Tools: DGW74-Q502; Build year: 2019; Built by: NHT; evidence_image_ids: IMG-004; IMG-005; related_image_count: 2,HANDRING,HANDRING!A13,IMG-004; IMG-005,images/original/image4.png; images/original/image5.png,"{""accessory"": ""HANDRING"", ""reference_id"": ""REF-HANDRING-012"", ""content_type"": ""reference_record"", ""source_sheet"": ""HANDRING"", ""source_row"": 13, ""source"": ""HANDRING!A13"", ""image_ids"": [""IMG-004"", ""IMG-005""]}"
REF-REF-HANDRING-013,reference_record,HANDRING reference - HBY01,Handring reference record REF-HANDRING-013. Toy No: HBY01; Tools: HBY01-U513-01; Build year: 2013; Built by: MTI; evidence_image_ids: IMG-004; IMG-005; related_image_count: 2,HANDRING,HANDRING!A14,IMG-004; IMG-005,images/original/image4.png; images/original/image5.png,"{""accessory"": ""HANDRING"", ""reference_id"": ""REF-HANDRING-013"", ""content_type"": ""reference_record"", ""source_sheet"": ""HANDRING"", ""source_row"": 14, ""source"": ""HANDRING!A14"", ""image_ids"": [""IMG-004"", ""IMG-005""]}"
TXT-TXT-001,drawing_text,EARRING drawing text - TXT-001,Drawing/text label for EARRING: 1.7 mm (updated august 22),EARRING,from R6C15 | to R54C44,,,"{""accessory"": ""EARRING"", ""text_id"": ""TXT-001"", ""content_type"": ""drawing_text"", ""source_sheet"": ""EARRING"", ""source"": ""from R6C15 | to R54C44"", ""shape_name"": ""TextBox 6""}"
TXT-TXT-002,drawing_text,NECKLACE drawing text - TXT-002,Drawing/text label for NECKLACE: Desin Refference,NECKLACE,from R13C1 | extent 124x28px,,,"{""accessory"": ""NECKLACE"", ""text_id"": ""TXT-002"", ""content_type"": ""drawing_text"", ""source_sheet"": ""NECKLACE"", ""source"": ""from R13C1 | extent 124x28px"", ""shape_name"": ""TextBox 13""}"
TXT-TXT-003,drawing_text,NECKLACE drawing text - TXT-003,Drawing/text label for NECKLACE: Opening standard,NECKLACE,from R13C18 | extent 129x28px,,,"{""accessory"": ""NECKLACE"", ""text_id"": ""TXT-003"", ""content_type"": ""drawing_text"", ""source_sheet"": ""NECKLACE"", ""source"": ""from R13C18 | extent 129x28px"", ""shape_name"": ""TextBox 12""}"
TXT-TXT-004,drawing_text,NECKLACE drawing text - TXT-004,Drawing/text label for NECKLACE: HHN06-U831-01 --> slider 4 cav,NECKLACE,from R15C1 | extent 209x28px,,,"{""accessory"": ""NECKLACE"", ""text_id"": ""TXT-004"", ""content_type"": ""drawing_text"", ""source_sheet"": ""NECKLACE"", ""source"": ""from R15C1 | extent 209x28px"", ""shape_name"": ""TextBox 5""}"
TXT-TXT-005,drawing_text,NECKLACE drawing text - TXT-005,"Drawing/text label for NECKLACE: HHN08-U514-01 --> gate shape Y, no slider, 4 cav",NECKLACE,from R15C10 | extent 319x28px,,,"{""accessory"": ""NECKLACE"", ""text_id"": ""TXT-005"", ""content_type"": ""drawing_text"", ""source_sheet"": ""NECKLACE"", ""source"": ""from R15C10 | extent 319x28px"", ""shape_name"": ""TextBox 9""}"
TXT-TXT-006,drawing_text,NECKLACE drawing text - TXT-006,Drawing/text label for NECKLACE: HHN09-U514-01 --> T runner no slider 4 cavity,NECKLACE,from R31C1 | extent 301x28px,,,"{""accessory"": ""NECKLACE"", ""text_id"": ""TXT-006"", ""content_type"": ""drawing_text"", ""source_sheet"": ""NECKLACE"", ""source"": ""from R31C1 | extent 301x28px"", ""shape_name"": ""TextBox 11""}"
TXT-TXT-007,drawing_text,NECKLACE drawing text - TXT-007,Drawing/text label for NECKLACE: CHG42 --> COULD BE 4 CAV,NECKLACE,from R33C9 | to R35C14,,,"{""accessory"": ""NECKLACE"", ""text_id"": ""TXT-007"", ""content_type"": ""drawing_text"", ""source_sheet"": ""NECKLACE"", ""source"": ""from R33C9 | to R35C14"", ""shape_name"": ""TextBox 21""}"
TXT-TXT-008,drawing_text,BACKPACK ASSY drawing text - TXT-008,Drawing/text label for BACKPACK ASSY: Locking on hole Ø3.2,BACKPACK ASSY,from R14C1 | extent 211x39px,,,"{""accessory"": ""BACKPACK ASSY"", ""text_id"": ""TXT-008"", ""content_type"": ""drawing_text"", ""source_sheet"": ""Backpack assy"", ""source"": ""from R14C1 | extent 211x39px"", ""shape_name"": ""TextBox 11""}"
TXT-TXT-009,drawing_text,BACKPACK ASSY drawing text - TXT-009,Drawing/text label for BACKPACK ASSY: Mushroom Ø3.4,BACKPACK ASSY,from R23C4 | extent 184x39px,,,"{""accessory"": ""BACKPACK ASSY"", ""text_id"": ""TXT-009"", ""content_type"": ""drawing_text"", ""source_sheet"": ""Backpack assy"", ""source"": ""from R23C4 | extent 184x39px"", ""shape_name"": ""TextBox 12""}"
TXT-TXT-010,drawing_text,STD ELECTRODE PTMI drawing text - TXT-010,Drawing/text label for STD ELECTRODE PTMI: 40mm,STD ELECTRODE PTMI,from R1C1 | to R21C6,,,"{""accessory"": ""STD ELECTRODE PTMI"", ""text_id"": ""TXT-010"", ""content_type"": ""drawing_text"", ""source_sheet"": ""STD Electrode PTMI"", ""source"": ""from R1C1 | to R21C6"", ""shape_name"": ""TextBox 10""}"
TXT-TXT-011,drawing_text,STD ELECTRODE PTMI drawing text - TXT-011,Drawing/text label for STD ELECTRODE PTMI: Ø7mm,STD ELECTRODE PTMI,from R1C1 | to R21C6,,,"{""accessory"": ""STD ELECTRODE PTMI"", ""text_id"": ""TXT-011"", ""content_type"": ""drawing_text"", ""source_sheet"": ""STD Electrode PTMI"", ""source"": ""from R1C1 | to R21C6"", ""shape_name"": ""TextBox 19""}"
TXT-TXT-012,drawing_text,STD ELECTRODE PTMI drawing text - TXT-012,Drawing/text label for STD ELECTRODE PTMI: Standard electrode PTMI,STD ELECTRODE PTMI,from R1C1 | to R21C6,,,"{""accessory"": ""STD ELECTRODE PTMI"", ""text_id"": ""TXT-012"", ""content_type"": ""drawing_text"", ""source_sheet"": ""STD Electrode PTMI"", ""source"": ""from R1C1 | to R21C6"", ""shape_name"": ""TextBox 21""}"
TXT-TXT-013,drawing_text,STD ELECTRODE PTMI drawing text - TXT-013,Drawing/text label for STD ELECTRODE PTMI: Flat Surface Add 2 hole for M6,STD ELECTRODE PTMI,from R1C1 | to R21C6,,,"{""accessory"": ""STD ELECTRODE PTMI"", ""text_id"": ""TXT-013"", ""content_type"": ""drawing_text"", ""source_sheet"": ""STD Electrode PTMI"", ""source"": ""from R1C1 | to R21C6"", ""shape_name"": ""TextBox 22""}"
TXT-TXT-014,drawing_text,HAIR CLIP drawing text - TXT-014,Drawing/text label for HAIR CLIP: HNF84-U513-01,HAIR CLIP,from R10C1 | to R19C6,,,"{""accessory"": ""HAIR CLIP"", ""text_id"": ""TXT-014"", ""content_type"": ""drawing_text"", ""source_sheet"": ""Hair clip"", ""source"": ""from R10C1 | to R19C6"", ""shape_name"": ""TextBox 27""}"
TXT-TXT-015,drawing_text,HAIR CLIP drawing text - TXT-015,Drawing/text label for HAIR CLIP: Design refference,HAIR CLIP,from R10C1 | to R19C6,,,"{""accessory"": ""HAIR CLIP"", ""text_id"": ""TXT-015"", ""content_type"": ""drawing_text"", ""source_sheet"": ""Hair clip"", ""source"": ""from R10C1 | to R19C6"", ""shape_name"": ""TextBox 27""}"
TXT-TXT-016,drawing_text,HAIR CLIP drawing text - TXT-016,Drawing/text label for HAIR CLIP: Notch,HAIR CLIP,from R10C1 | to R19C6,,,"{""accessory"": ""HAIR CLIP"", ""text_id"": ""TXT-016"", ""content_type"": ""drawing_text"", ""source_sheet"": ""Hair clip"", ""source"": ""from R10C1 | to R19C6"", ""shape_name"": ""TextBox 33""}"
TXT-TXT-017,drawing_text,HAIR CLIP drawing text - TXT-017,Drawing/text label for HAIR CLIP: coring,HAIR CLIP,from R10C1 | to R19C6,,,"{""accessory"": ""HAIR CLIP"", ""text_id"": ""TXT-017"", ""content_type"": ""drawing_text"", ""source_sheet"": ""Hair clip"", ""source"": ""from R10C1 | to R19C6"", ""shape_name"": ""TextBox 36""}"
TXT-TXT-018,drawing_text,HAIR CLIP drawing text - TXT-018,Drawing/text label for HAIR CLIP: coring,HAIR CLIP,from R10C1 | to R19C6,,,"{""accessory"": ""HAIR CLIP"", ""text_id"": ""TXT-018"", ""content_type"": ""drawing_text"", ""source_sheet"": ""Hair clip"", ""source"": ""from R10C1 | to R19C6"", ""shape_name"": ""TextBox 40""}"
TXT-TXT-019,drawing_text,HAIR CLIP drawing text - TXT-019,Drawing/text label for HAIR CLIP: bump,HAIR CLIP,from R10C1 | to R19C6,,,"{""accessory"": ""HAIR CLIP"", ""text_id"": ""TXT-019"", ""content_type"": ""drawing_text"", ""source_sheet"": ""Hair clip"", ""source"": ""from R10C1 | to R19C6"", ""shape_name"": ""TextBox 42""}"
TXT-TXT-020,drawing_text,HAIR CLIP drawing text - TXT-020,Drawing/text label for HAIR CLIP: Rib Hor/ver OK,HAIR CLIP,from R10C1 | to R19C6,,,"{""accessory"": ""HAIR CLIP"", ""text_id"": ""TXT-020"", ""content_type"": ""drawing_text"", ""source_sheet"": ""Hair clip"", ""source"": ""from R10C1 | to R19C6"", ""shape_name"": ""TextBox 45""}"
TXT-TXT-021,drawing_text,HAIR CLIP drawing text - TXT-021,Drawing/text label for HAIR CLIP: HLW18-Q502-01,HAIR CLIP,from R10C6 | to R29C11,,,"{""accessory"": ""HAIR CLIP"", ""text_id"": ""TXT-021"", ""content_type"": ""drawing_text"", ""source_sheet"": ""Hair clip"", ""source"": ""from R10C6 | to R29C11"", ""shape_name"": ""TextBox 27""}"
TXT-TXT-022,drawing_text,HAIR CLIP drawing text - TXT-022,Drawing/text label for HAIR CLIP: Good projection area no slider,HAIR CLIP,from R10C6 | to R29C11,,,"{""accessory"": ""HAIR CLIP"", ""text_id"": ""TXT-022"", ""content_type"": ""drawing_text"", ""source_sheet"": ""Hair clip"", ""source"": ""from R10C6 | to R29C11"", ""shape_name"": ""TextBox 27""}"
TXT-TXT-023,drawing_text,HAIR CLIP drawing text - TXT-023,Drawing/text label for HAIR CLIP: HLX34-U512-01,HAIR CLIP,from R10C6 | to R29C11,,,"{""accessory"": ""HAIR CLIP"", ""text_id"": ""TXT-023"", ""content_type"": ""drawing_text"", ""source_sheet"": ""Hair clip"", ""source"": ""from R10C6 | to R29C11"", ""shape_name"": ""TextBox 27""}"
TXT-TXT-024,drawing_text,HAIR CLIP drawing text - TXT-024,Drawing/text label for HAIR CLIP: Layout refference,HAIR CLIP,from R10C6 | to R29C11,,,"{""accessory"": ""HAIR CLIP"", ""text_id"": ""TXT-024"", ""content_type"": ""drawing_text"", ""source_sheet"": ""Hair clip"", ""source"": ""from R10C6 | to R29C11"", ""shape_name"": ""TextBox 27""}"
TXT-TXT-025,drawing_text,HAIR CLIP drawing text - TXT-025,Drawing/text label for HAIR CLIP: Slider,HAIR CLIP,from R10C6 | to R29C11,,,"{""accessory"": ""HAIR CLIP"", ""text_id"": ""TXT-025"", ""content_type"": ""drawing_text"", ""source_sheet"": ""Hair clip"", ""source"": ""from R10C6 | to R29C11"", ""shape_name"": ""TextBox 27""}"
TXT-TXT-026,drawing_text,SHOES drawing text - TXT-026,Drawing/text label for SHOES: Shoe Type,SHOES,from R1C13 | to R3C27,,,"{""accessory"": ""SHOES"", ""text_id"": ""TXT-026"", ""content_type"": ""drawing_text"", ""source_sheet"": ""SHOES"", ""source"": ""from R1C13 | to R3C27"", ""shape_name"": ""TextBox 22""}"
TXT-TXT-027,drawing_text,SHOES drawing text - TXT-027,Drawing/text label for SHOES: Shoe,SHOES,from R3C15 | to R4C16,,,"{""accessory"": ""SHOES"", ""text_id"": ""TXT-027"", ""content_type"": ""drawing_text"", ""source_sheet"": ""SHOES"", ""source"": ""from R3C15 | to R4C16"", ""shape_name"": ""TextBox 1""}"
TXT-TXT-028,drawing_text,SHOES drawing text - TXT-028,Drawing/text label for SHOES: Boots,SHOES,from R3C20 | to R4C21,,,"{""accessory"": ""SHOES"", ""text_id"": ""TXT-028"", ""content_type"": ""drawing_text"", ""source_sheet"": ""SHOES"", ""source"": ""from R3C20 | to R4C21"", ""shape_name"": ""TextBox 3""}"
TXT-TXT-029,drawing_text,SHOES drawing text - TXT-029,Drawing/text label for SHOES: heels,SHOES,from R3C25 | to R4C26,,,"{""accessory"": ""SHOES"", ""text_id"": ""TXT-029"", ""content_type"": ""drawing_text"", ""source_sheet"": ""SHOES"", ""source"": ""from R3C25 | to R4C26"", ""shape_name"": ""TextBox 5""}"
TXT-TXT-030,drawing_text,SHOES drawing text - TXT-030,Drawing/text label for SHOES: CORE,SHOES,from R4C13 | to R12C15,,,"{""accessory"": ""SHOES"", ""text_id"": ""TXT-030"", ""content_type"": ""drawing_text"", ""source_sheet"": ""SHOES"", ""source"": ""from R4C13 | to R12C15"", ""shape_name"": ""TextBox 7""}"
TXT-TXT-031,drawing_text,SHOES drawing text - TXT-031,Drawing/text label for SHOES: CAV,SHOES,from R4C15 | to R12C18,,,"{""accessory"": ""SHOES"", ""text_id"": ""TXT-031"", ""content_type"": ""drawing_text"", ""source_sheet"": ""SHOES"", ""source"": ""from R4C15 | to R12C18"", ""shape_name"": ""TextBox 8""}"
TXT-TXT-032,drawing_text,SHOES drawing text - TXT-032,Drawing/text label for SHOES: Sample 0315-A575-02,SHOES,from R4C19 | to R28C23,,,"{""accessory"": ""SHOES"", ""text_id"": ""TXT-032"", ""content_type"": ""drawing_text"", ""source_sheet"": ""SHOES"", ""source"": ""from R4C19 | to R28C23"", ""shape_name"": ""TextBox 7""}"
TXT-TXT-033,drawing_text,SHOES drawing text - TXT-033,Drawing/text label for SHOES: Sample CLL55-S501-03,SHOES,from R4C24 | to R16C27,,,"{""accessory"": ""SHOES"", ""text_id"": ""TXT-033"", ""content_type"": ""drawing_text"", ""source_sheet"": ""SHOES"", ""source"": ""from R4C24 | to R16C27"", ""shape_name"": ""TextBox 20""}"
TXT-TXT-034,drawing_text,SHOES drawing text - TXT-034,Drawing/text label for SHOES: Sample CHG41-S501,SHOES,from R11C13 | to R12C16,,,"{""accessory"": ""SHOES"", ""text_id"": ""TXT-034"", ""content_type"": ""drawing_text"", ""source_sheet"": ""SHOES"", ""source"": ""from R11C13 | to R12C16"", ""shape_name"": ""TextBox 6""}"
TXT-TXT-035,drawing_text,SHOES drawing text - TXT-035,Drawing/text label for SHOES: Sample CHG41-S501,SHOES,from R15C13 | to R15C16,,,"{""accessory"": ""SHOES"", ""text_id"": ""TXT-035"", ""content_type"": ""drawing_text"", ""source_sheet"": ""SHOES"", ""source"": ""from R15C13 | to R15C16"", ""shape_name"": ""TextBox 6""}"
TXT-TXT-036,drawing_text,SHOES drawing text - TXT-036,Drawing/text label for SHOES: Separate R/L shoe,SHOES,from R26C1 | extent 162x33px,,,"{""accessory"": ""SHOES"", ""text_id"": ""TXT-036"", ""content_type"": ""drawing_text"", ""source_sheet"": ""SHOES"", ""source"": ""from R26C1 | extent 162x33px"", ""shape_name"": ""TextBox 35""}"
TXT-TXT-037,drawing_text,SHOES drawing text - TXT-037,Drawing/text label for SHOES: Control rib heght,SHOES,from R26C5 | to R35C10,,,"{""accessory"": ""SHOES"", ""text_id"": ""TXT-037"", ""content_type"": ""drawing_text"", ""source_sheet"": ""SHOES"", ""source"": ""from R26C5 | to R35C10"", ""shape_name"": ""TextBox 44""}"
TXT-TXT-038,drawing_text,SHOES drawing text - TXT-038,Drawing/text label for SHOES: R,SHOES,from R27C2 | to R35C5,,,"{""accessory"": ""SHOES"", ""text_id"": ""TXT-038"", ""content_type"": ""drawing_text"", ""source_sheet"": ""SHOES"", ""source"": ""from R27C2 | to R35C5"", ""shape_name"": ""TextBox 30""}"
TXT-TXT-039,drawing_text,SHOES drawing text - TXT-039,Drawing/text label for SHOES: R,SHOES,from R27C2 | to R35C5,,,"{""accessory"": ""SHOES"", ""text_id"": ""TXT-039"", ""content_type"": ""drawing_text"", ""source_sheet"": ""SHOES"", ""source"": ""from R27C2 | to R35C5"", ""shape_name"": ""TextBox 31""}"
TXT-TXT-040,drawing_text,SHOES drawing text - TXT-040,Drawing/text label for SHOES: L,SHOES,from R27C2 | to R35C5,,,"{""accessory"": ""SHOES"", ""text_id"": ""TXT-040"", ""content_type"": ""drawing_text"", ""source_sheet"": ""SHOES"", ""source"": ""from R27C2 | to R35C5"", ""shape_name"": ""TextBox 32""}"
TXT-TXT-041,drawing_text,SHOES drawing text - TXT-041,Drawing/text label for SHOES: L,SHOES,from R27C2 | to R35C5,,,"{""accessory"": ""SHOES"", ""text_id"": ""TXT-041"", ""content_type"": ""drawing_text"", ""source_sheet"": ""SHOES"", ""source"": ""from R27C2 | to R35C5"", ""shape_name"": ""TextBox 33""}"
TXT-TXT-042,drawing_text,SHOES drawing text - TXT-042,Drawing/text label for SHOES: Minimize floating core slit height,SHOES,from R37C1 | extent 277x33px,,,"{""accessory"": ""SHOES"", ""text_id"": ""TXT-042"", ""content_type"": ""drawing_text"", ""source_sheet"": ""SHOES"", ""source"": ""from R37C1 | extent 277x33px"", ""shape_name"": ""TextBox 40""}"
TXT-TXT-043,drawing_text,PET(SEPARATE HEAD) drawing text - TXT-043,Drawing/text label for PET(SEPARATE HEAD): CLF97-S501,PET(SEPARATE HEAD),from R3C14 | to R12C18,,,"{""accessory"": ""PET(SEPARATE HEAD)"", ""text_id"": ""TXT-043"", ""content_type"": ""drawing_text"", ""source_sheet"": ""PET(SEPARATE HEAD)"", ""source"": ""from R3C14 | to R12C18"", ""shape_name"": ""TextBox 9""}"
TXT-TXT-044,drawing_text,PET(SEPARATE HEAD) drawing text - TXT-044,Drawing/text label for PET(SEPARATE HEAD): CLF97-S501,PET(SEPARATE HEAD),from R15C14 | to R27C18,,,"{""accessory"": ""PET(SEPARATE HEAD)"", ""text_id"": ""TXT-044"", ""content_type"": ""drawing_text"", ""source_sheet"": ""PET(SEPARATE HEAD)"", ""source"": ""from R15C14 | to R27C18"", ""shape_name"": ""TextBox 33""}"
TXT-TXT-045,drawing_text,PET(SEPARATE HEAD) drawing text - TXT-045,Drawing/text label for PET(SEPARATE HEAD): Ejector & puller ilustration,PET(SEPARATE HEAD),from R17C1 | extent 178x28px,,,"{""accessory"": ""PET(SEPARATE HEAD)"", ""text_id"": ""TXT-045"", ""content_type"": ""drawing_text"", ""source_sheet"": ""PET(SEPARATE HEAD)"", ""source"": ""from R17C1 | extent 178x28px"", ""shape_name"": ""TextBox 115""}"
TXT-TXT-046,drawing_text,PET(SEPARATE HEAD) drawing text - TXT-046,Drawing/text label for PET(SEPARATE HEAD): Part,PET(SEPARATE HEAD),from R18C1 | to R34C3,,,"{""accessory"": ""PET(SEPARATE HEAD)"", ""text_id"": ""TXT-046"", ""content_type"": ""drawing_text"", ""source_sheet"": ""PET(SEPARATE HEAD)"", ""source"": ""from R18C1 | to R34C3"", ""shape_name"": ""Rectangle 103""}"
TXT-TXT-047,drawing_text,PET(SEPARATE HEAD) drawing text - TXT-047,Drawing/text label for PET(SEPARATE HEAD): Part,PET(SEPARATE HEAD),from R18C1 | to R34C3,,,"{""accessory"": ""PET(SEPARATE HEAD)"", ""text_id"": ""TXT-047"", ""content_type"": ""drawing_text"", ""source_sheet"": ""PET(SEPARATE HEAD)"", ""source"": ""from R18C1 | to R34C3"", ""shape_name"": ""Rectangle 106""}"
TXT-TXT-048,drawing_text,PET(SEPARATE HEAD) drawing text - TXT-048,Drawing/text label for PET(SEPARATE HEAD): Part,PET(SEPARATE HEAD),from R18C1 | to R34C3,,,"{""accessory"": ""PET(SEPARATE HEAD)"", ""text_id"": ""TXT-048"", ""content_type"": ""drawing_text"", ""source_sheet"": ""PET(SEPARATE HEAD)"", ""source"": ""from R18C1 | to R34C3"", ""shape_name"": ""Rectangle 111""}"
TXT-TXT-049,drawing_text,PET(SEPARATE HEAD) drawing text - TXT-049,Drawing/text label for PET(SEPARATE HEAD): Part,PET(SEPARATE HEAD),from R18C1 | to R34C3,,,"{""accessory"": ""PET(SEPARATE HEAD)"", ""text_id"": ""TXT-049"", ""content_type"": ""drawing_text"", ""source_sheet"": ""PET(SEPARATE HEAD)"", ""source"": ""from R18C1 | to R34C3"", ""shape_name"": ""Rectangle 112""}"
TXT-TXT-050,drawing_text,PET(SEPARATE HEAD) drawing text - TXT-050,Drawing/text label for PET(SEPARATE HEAD): Sprue,PET(SEPARATE HEAD),from R18C1 | to R34C3,,,"{""accessory"": ""PET(SEPARATE HEAD)"", ""text_id"": ""TXT-050"", ""content_type"": ""drawing_text"", ""source_sheet"": ""PET(SEPARATE HEAD)"", ""source"": ""from R18C1 | to R34C3"", ""shape_name"": ""TextBox 123""}"
TXT-TXT-051,drawing_text,PET(SEPARATE HEAD) drawing text - TXT-051,Drawing/text label for PET(SEPARATE HEAD): Z Puller,PET(SEPARATE HEAD),from R18C1 | to R34C3,,,"{""accessory"": ""PET(SEPARATE HEAD)"", ""text_id"": ""TXT-051"", ""content_type"": ""drawing_text"", ""source_sheet"": ""PET(SEPARATE HEAD)"", ""source"": ""from R18C1 | to R34C3"", ""shape_name"": ""TextBox 45""}"
TXT-TXT-052,drawing_text,PET(SEPARATE HEAD) drawing text - TXT-052,Drawing/text label for PET(SEPARATE HEAD): Ejector,PET(SEPARATE HEAD),from R18C1 | to R34C3,,,"{""accessory"": ""PET(SEPARATE HEAD)"", ""text_id"": ""TXT-052"", ""content_type"": ""drawing_text"", ""source_sheet"": ""PET(SEPARATE HEAD)"", ""source"": ""from R18C1 | to R34C3"", ""shape_name"": ""TextBox 46""}"
TXT-TXT-053,drawing_text,PET(SEPARATE HEAD) drawing text - TXT-053,Drawing/text label for PET(SEPARATE HEAD): Ejector,PET(SEPARATE HEAD),from R18C1 | to R34C3,,,"{""accessory"": ""PET(SEPARATE HEAD)"", ""text_id"": ""TXT-053"", ""content_type"": ""drawing_text"", ""source_sheet"": ""PET(SEPARATE HEAD)"", ""source"": ""from R18C1 | to R34C3"", ""shape_name"": ""TextBox 47""}"
TXT-TXT-054,drawing_text,PET(SEPARATE HEAD) drawing text - TXT-054,Drawing/text label for PET(SEPARATE HEAD): Sprue,PET(SEPARATE HEAD),from R18C1 | to R34C3,,,"{""accessory"": ""PET(SEPARATE HEAD)"", ""text_id"": ""TXT-054"", ""content_type"": ""drawing_text"", ""source_sheet"": ""PET(SEPARATE HEAD)"", ""source"": ""from R18C1 | to R34C3"", ""shape_name"": ""TextBox 62""}"
TXT-TXT-055,drawing_text,PET(SEPARATE HEAD) drawing text - TXT-055,Drawing/text label for PET(SEPARATE HEAD): Ejector,PET(SEPARATE HEAD),from R18C1 | to R34C3,,,"{""accessory"": ""PET(SEPARATE HEAD)"", ""text_id"": ""TXT-055"", ""content_type"": ""drawing_text"", ""source_sheet"": ""PET(SEPARATE HEAD)"", ""source"": ""from R18C1 | to R34C3"", ""shape_name"": ""TextBox 78""}"
TXT-TXT-056,drawing_text,PET(SEPARATE HEAD) drawing text - TXT-056,Drawing/text label for PET(SEPARATE HEAD): Ejector,PET(SEPARATE HEAD),from R18C1 | to R34C3,,,"{""accessory"": ""PET(SEPARATE HEAD)"", ""text_id"": ""TXT-056"", ""content_type"": ""drawing_text"", ""source_sheet"": ""PET(SEPARATE HEAD)"", ""source"": ""from R18C1 | to R34C3"", ""shape_name"": ""TextBox 80""}"
TXT-TXT-057,drawing_text,PET(SEPARATE HEAD) drawing text - TXT-057,Drawing/text label for PET(SEPARATE HEAD): Z Puller,PET(SEPARATE HEAD),from R18C1 | to R34C3,,,"{""accessory"": ""PET(SEPARATE HEAD)"", ""text_id"": ""TXT-057"", ""content_type"": ""drawing_text"", ""source_sheet"": ""PET(SEPARATE HEAD)"", ""source"": ""from R18C1 | to R34C3"", ""shape_name"": ""TextBox 82""}"
TXT-TXT-058,drawing_text,PET(SEPARATE HEAD) drawing text - TXT-058,Drawing/text label for PET(SEPARATE HEAD): 1. space neck to head 3mm,PET(SEPARATE HEAD),from R26C4 | extent 184x28px,,,"{""accessory"": ""PET(SEPARATE HEAD)"", ""text_id"": ""TXT-058"", ""content_type"": ""drawing_text"", ""source_sheet"": ""PET(SEPARATE HEAD)"", ""source"": ""from R26C4 | extent 184x28px"", ""shape_name"": ""TextBox 27""}"
TXT-TXT-059,drawing_text,PET(SEPARATE HEAD) drawing text - TXT-059,Drawing/text label for PET(SEPARATE HEAD): 2. Groove on neck,PET(SEPARATE HEAD),from R26C6 | extent 129x28px,,,"{""accessory"": ""PET(SEPARATE HEAD)"", ""text_id"": ""TXT-059"", ""content_type"": ""drawing_text"", ""source_sheet"": ""PET(SEPARATE HEAD)"", ""source"": ""from R26C6 | extent 129x28px"", ""shape_name"": ""TextBox 28""}"
TXT-TXT-060,drawing_text,PET(SEPARATE HEAD) drawing text - TXT-060,Drawing/text label for PET(SEPARATE HEAD): 3. cav numb not at assy area,PET(SEPARATE HEAD),from R26C9 | extent 191x28px,,,"{""accessory"": ""PET(SEPARATE HEAD)"", ""text_id"": ""TXT-060"", ""content_type"": ""drawing_text"", ""source_sheet"": ""PET(SEPARATE HEAD)"", ""source"": ""from R26C9 | extent 191x28px"", ""shape_name"": ""TextBox 95""}"
TXT-TXT-061,drawing_text,PET(SEPARATE HEAD) drawing text - TXT-061,Drawing/text label for PET(SEPARATE HEAD): Gap 3mm,PET(SEPARATE HEAD),from R28C4 | to R34C6,,,"{""accessory"": ""PET(SEPARATE HEAD)"", ""text_id"": ""TXT-061"", ""content_type"": ""drawing_text"", ""source_sheet"": ""PET(SEPARATE HEAD)"", ""source"": ""from R28C4 | to R34C6"", ""shape_name"": ""TextBox 4""}"
TXT-TXT-062,drawing_text,SHOULDER CONNECTOR drawing text - TXT-062,Drawing/text label for SHOULDER CONNECTOR: bump,SHOULDER CONNECTOR,from R6C1 | to R22C7,,,"{""accessory"": ""SHOULDER CONNECTOR"", ""text_id"": ""TXT-062"", ""content_type"": ""drawing_text"", ""source_sheet"": ""Shoulder connector"", ""source"": ""from R6C1 | to R22C7"", ""shape_name"": ""TextBox 110""}"
TXT-TXT-063,drawing_text,SHOULDER CONNECTOR drawing text - TXT-063,Drawing/text label for SHOULDER CONNECTOR: Doom design : no need bump,SHOULDER CONNECTOR,from R6C1 | to R22C7,,,"{""accessory"": ""SHOULDER CONNECTOR"", ""text_id"": ""TXT-063"", ""content_type"": ""drawing_text"", ""source_sheet"": ""Shoulder connector"", ""source"": ""from R6C1 | to R22C7"", ""shape_name"": ""TextBox 17""}"
TXT-TXT-064,drawing_text,SHOULDER CONNECTOR drawing text - TXT-064,"Drawing/text label for SHOULDER CONNECTOR: Dougnut design : 1 bump, 1 side only",SHOULDER CONNECTOR,from R6C1 | to R22C7,,,"{""accessory"": ""SHOULDER CONNECTOR"", ""text_id"": ""TXT-064"", ""content_type"": ""drawing_text"", ""source_sheet"": ""Shoulder connector"", ""source"": ""from R6C1 | to R22C7"", ""shape_name"": ""TextBox 18""}"
TXT-TXT-065,drawing_text,SHOULDER CONNECTOR drawing text - TXT-065,Drawing/text label for SHOULDER CONNECTOR: DLT64,SHOULDER CONNECTOR,from R6C1 | to R22C7,,,"{""accessory"": ""SHOULDER CONNECTOR"", ""text_id"": ""TXT-065"", ""content_type"": ""drawing_text"", ""source_sheet"": ""Shoulder connector"", ""source"": ""from R6C1 | to R22C7"", ""shape_name"": ""TextBox 19""}"
TXT-TXT-066,drawing_text,SHOULDER CONNECTOR drawing text - TXT-066,Drawing/text label for SHOULDER CONNECTOR: HGC32,SHOULDER CONNECTOR,from R6C1 | to R22C7,,,"{""accessory"": ""SHOULDER CONNECTOR"", ""text_id"": ""TXT-066"", ""content_type"": ""drawing_text"", ""source_sheet"": ""Shoulder connector"", ""source"": ""from R6C1 | to R22C7"", ""shape_name"": ""TextBox 21""}"
TXT-TXT-067,drawing_text,SHOULDER CONNECTOR drawing text - TXT-067,Drawing/text label for SHOULDER CONNECTOR: DOUGNUT: N5946,SHOULDER CONNECTOR,from R6C1 | to R22C7,,,"{""accessory"": ""SHOULDER CONNECTOR"", ""text_id"": ""TXT-067"", ""content_type"": ""drawing_text"", ""source_sheet"": ""Shoulder connector"", ""source"": ""from R6C1 | to R22C7"", ""shape_name"": ""TextBox 37""}"
TXT-TXT-068,drawing_text,SHOULDER CONNECTOR drawing text - TXT-068,Drawing/text label for SHOULDER CONNECTOR: Design connector,SHOULDER CONNECTOR,from R6C1 | to R22C7,,,"{""accessory"": ""SHOULDER CONNECTOR"", ""text_id"": ""TXT-068"", ""content_type"": ""drawing_text"", ""source_sheet"": ""Shoulder connector"", ""source"": ""from R6C1 | to R22C7"", ""shape_name"": ""TextBox 42""}"
TXT-TXT-069,drawing_text,SHOULDER CONNECTOR drawing text - TXT-069,Drawing/text label for SHOULDER CONNECTOR: Runner type,SHOULDER CONNECTOR,from R6C7 | to R26C10,,,"{""accessory"": ""SHOULDER CONNECTOR"", ""text_id"": ""TXT-069"", ""content_type"": ""drawing_text"", ""source_sheet"": ""Shoulder connector"", ""source"": ""from R6C7 | to R26C10"", ""shape_name"": ""TextBox 25""}"
TXT-TXT-070,drawing_text,SHOULDER CONNECTOR drawing text - TXT-070,Drawing/text label for SHOULDER CONNECTOR: H SHAPE,SHOULDER CONNECTOR,from R6C7 | to R26C10,,,"{""accessory"": ""SHOULDER CONNECTOR"", ""text_id"": ""TXT-070"", ""content_type"": ""drawing_text"", ""source_sheet"": ""Shoulder connector"", ""source"": ""from R6C7 | to R26C10"", ""shape_name"": ""TextBox 27""}"
TXT-TXT-071,drawing_text,SHOULDER CONNECTOR drawing text - TXT-071,Drawing/text label for SHOULDER CONNECTOR: I SHAPE : HGC32,SHOULDER CONNECTOR,from R6C7 | to R26C10,,,"{""accessory"": ""SHOULDER CONNECTOR"", ""text_id"": ""TXT-071"", ""content_type"": ""drawing_text"", ""source_sheet"": ""Shoulder connector"", ""source"": ""from R6C7 | to R26C10"", ""shape_name"": ""TextBox 28""}"
TXT-TXT-072,drawing_text,SHOULDER CONNECTOR drawing text - TXT-072,Drawing/text label for SHOULDER CONNECTOR: I SHAPE : N5946,SHOULDER CONNECTOR,from R6C7 | to R26C10,,,"{""accessory"": ""SHOULDER CONNECTOR"", ""text_id"": ""TXT-072"", ""content_type"": ""drawing_text"", ""source_sheet"": ""Shoulder connector"", ""source"": ""from R6C7 | to R26C10"", ""shape_name"": ""TextBox 32""}"
TXT-TXT-073,drawing_text,SHOULDER CONNECTOR drawing text - TXT-073,Drawing/text label for SHOULDER CONNECTOR: Runner design,SHOULDER CONNECTOR,from R23C3 | to R25C5,,,"{""accessory"": ""SHOULDER CONNECTOR"", ""text_id"": ""TXT-073"", ""content_type"": ""drawing_text"", ""source_sheet"": ""Shoulder connector"", ""source"": ""from R23C3 | to R25C5"", ""shape_name"": ""TextBox 52""}"
TXT-TXT-074,drawing_text,SHOULDER CONNECTOR drawing text - TXT-074,Drawing/text label for SHOULDER CONNECTOR: I shape,SHOULDER CONNECTOR,from R26C1 | to R27C3,,,"{""accessory"": ""SHOULDER CONNECTOR"", ""text_id"": ""TXT-074"", ""content_type"": ""drawing_text"", ""source_sheet"": ""Shoulder connector"", ""source"": ""from R26C1 | to R27C3"", ""shape_name"": ""TextBox 69""}"
TXT-TXT-075,drawing_text,SHOULDER CONNECTOR drawing text - TXT-075,Drawing/text label for SHOULDER CONNECTOR: H shape,SHOULDER CONNECTOR,from R26C5 | to R27C6,,,"{""accessory"": ""SHOULDER CONNECTOR"", ""text_id"": ""TXT-075"", ""content_type"": ""drawing_text"", ""source_sheet"": ""Shoulder connector"", ""source"": ""from R26C5 | to R27C6"", ""shape_name"": ""TextBox 70""}"
TXT-TXT-076,drawing_text,SHOULDER CONNECTOR drawing text - TXT-076,Drawing/text label for SHOULDER CONNECTOR: Stopper,SHOULDER CONNECTOR,from R27C7 | to R42C10,,,"{""accessory"": ""SHOULDER CONNECTOR"", ""text_id"": ""TXT-076"", ""content_type"": ""drawing_text"", ""source_sheet"": ""Shoulder connector"", ""source"": ""from R27C7 | to R42C10"", ""shape_name"": ""TextBox 112""}"
TXT-TXT-077,drawing_text,SHOULDER CONNECTOR drawing text - TXT-077,Drawing/text label for SHOULDER CONNECTOR: HGC32,SHOULDER CONNECTOR,from R27C7 | to R42C10,,,"{""accessory"": ""SHOULDER CONNECTOR"", ""text_id"": ""TXT-077"", ""content_type"": ""drawing_text"", ""source_sheet"": ""Shoulder connector"", ""source"": ""from R27C7 | to R42C10"", ""shape_name"": ""TextBox 114""}"
TXT-TXT-078,drawing_text,SHOULDER CONNECTOR drawing text - TXT-078,Drawing/text label for SHOULDER CONNECTOR: stopper,SHOULDER CONNECTOR,from R27C7 | to R42C10,,,"{""accessory"": ""SHOULDER CONNECTOR"", ""text_id"": ""TXT-078"", ""content_type"": ""drawing_text"", ""source_sheet"": ""Shoulder connector"", ""source"": ""from R27C7 | to R42C10"", ""shape_name"": ""TextBox 118""}"
TXT-TXT-079,drawing_text,SHOULDER CONNECTOR drawing text - TXT-079,Drawing/text label for SHOULDER CONNECTOR: N5946,SHOULDER CONNECTOR,from R27C7 | to R42C10,,,"{""accessory"": ""SHOULDER CONNECTOR"", ""text_id"": ""TXT-079"", ""content_type"": ""drawing_text"", ""source_sheet"": ""Shoulder connector"", ""source"": ""from R27C7 | to R42C10"", ""shape_name"": ""TextBox 122""}"
TXT-TXT-080,drawing_text,SHOULDER CONNECTOR drawing text - TXT-080,Drawing/text label for SHOULDER CONNECTOR: stopper,SHOULDER CONNECTOR,from R27C7 | to R42C10,,,"{""accessory"": ""SHOULDER CONNECTOR"", ""text_id"": ""TXT-080"", ""content_type"": ""drawing_text"", ""source_sheet"": ""Shoulder connector"", ""source"": ""from R27C7 | to R42C10"", ""shape_name"": ""TextBox 125""}"
TXT-TXT-081,drawing_text,SHOULDER CONNECTOR drawing text - TXT-081,Drawing/text label for SHOULDER CONNECTOR: 24124-Q518-08,SHOULDER CONNECTOR,from R42C1 | to R55C7,,,"{""accessory"": ""SHOULDER CONNECTOR"", ""text_id"": ""TXT-081"", ""content_type"": ""drawing_text"", ""source_sheet"": ""Shoulder connector"", ""source"": ""from R42C1 | to R55C7"", ""shape_name"": ""TextBox 170""}"
TXT-TXT-082,drawing_text,ARM drawing text - TXT-082,Drawing/text label for ARM: Rib on pocket connector,ARM,from R9C1 | to R23C6,,,"{""accessory"": ""ARM"", ""text_id"": ""TXT-082"", ""content_type"": ""drawing_text"", ""source_sheet"": ""Arm"", ""source"": ""from R9C1 | to R23C6"", ""shape_name"": ""TextBox 86""}"
TXT-TXT-083,drawing_text,ARM drawing text - TXT-083,Drawing/text label for ARM: DVX72-Q601-16,ARM,from R9C7 | to R40C16,,,"{""accessory"": ""ARM"", ""text_id"": ""TXT-083"", ""content_type"": ""drawing_text"", ""source_sheet"": ""Arm"", ""source"": ""from R9C7 | to R40C16"", ""shape_name"": ""TextBox 83""}"
TXT-TXT-084,drawing_text,VUM HOLDER drawing text - TXT-084,Drawing/text label for VUM HOLDER: Holder dimension,VUM HOLDER,from R7C1 | to R16C3,,,"{""accessory"": ""VUM HOLDER"", ""text_id"": ""TXT-084"", ""content_type"": ""drawing_text"", ""source_sheet"": ""VUM Holder"", ""source"": ""from R7C1 | to R16C3"", ""shape_name"": ""TextBox 3""}"
TXT-TXT-085,drawing_text,VUM HOLDER drawing text - TXT-085,Drawing/text label for VUM HOLDER: ensure close loop,VUM HOLDER,from R7C3 | to R18C6,,,"{""accessory"": ""VUM HOLDER"", ""text_id"": ""TXT-085"", ""content_type"": ""drawing_text"", ""source_sheet"": ""VUM Holder"", ""source"": ""from R7C3 | to R18C6"", ""shape_name"": ""TextBox 5""}"
TXT-TXT-086,drawing_text,VUM HOLDER drawing text - TXT-086,Drawing/text label for VUM HOLDER: WRONG,VUM HOLDER,from R7C6 | to R19C9,,,"{""accessory"": ""VUM HOLDER"", ""text_id"": ""TXT-086"", ""content_type"": ""drawing_text"", ""source_sheet"": ""VUM Holder"", ""source"": ""from R7C6 | to R19C9"", ""shape_name"": ""TextBox 13""}"
TXT-TXT-087,drawing_text,VUM HOLDER drawing text - TXT-087,Drawing/text label for VUM HOLDER: WRONG,VUM HOLDER,from R7C6 | to R19C9,,,"{""accessory"": ""VUM HOLDER"", ""text_id"": ""TXT-087"", ""content_type"": ""drawing_text"", ""source_sheet"": ""VUM Holder"", ""source"": ""from R7C6 | to R19C9"", ""shape_name"": ""TextBox 14""}"
TXT-TXT-088,drawing_text,VUM HOLDER drawing text - TXT-088,Drawing/text label for VUM HOLDER: ensure 1 times VUM process (No separated sub runner),VUM HOLDER,from R7C6 | to R19C9,,,"{""accessory"": ""VUM HOLDER"", ""text_id"": ""TXT-088"", ""content_type"": ""drawing_text"", ""source_sheet"": ""VUM Holder"", ""source"": ""from R7C6 | to R19C9"", ""shape_name"": ""TextBox 8""}"
TXT-TXT-089,drawing_text,ROTOHEAD drawing text - TXT-089,Drawing/text label for ROTOHEAD: 1,ROTOHEAD,from R1C1 | to R26C15,,,"{""accessory"": ""ROTOHEAD"", ""text_id"": ""TXT-089"", ""content_type"": ""drawing_text"", ""source_sheet"": ""ROTOHEAD"", ""source"": ""from R1C1 | to R26C15"", ""shape_name"": ""TextBox 4""}"
TXT-TXT-090,drawing_text,ROTOHEAD drawing text - TXT-090,Drawing/text label for ROTOHEAD: 2,ROTOHEAD,from R1C16 | to R26C31,,,"{""accessory"": ""ROTOHEAD"", ""text_id"": ""TXT-090"", ""content_type"": ""drawing_text"", ""source_sheet"": ""ROTOHEAD"", ""source"": ""from R1C16 | to R26C31"", ""shape_name"": ""TextBox 5""}"
TXT-TXT-091,drawing_text,ROTOHEAD drawing text - TXT-091,Drawing/text label for ROTOHEAD: 3,ROTOHEAD,from R27C1 | to R50C14,,,"{""accessory"": ""ROTOHEAD"", ""text_id"": ""TXT-091"", ""content_type"": ""drawing_text"", ""source_sheet"": ""ROTOHEAD"", ""source"": ""from R27C1 | to R50C14"", ""shape_name"": ""TextBox 7""}"
TXT-TXT-092,drawing_text,MARKING & GENUINE drawing text - TXT-092,"Drawing/text label for MARKING & GENUINE: #Standard Legal Marking Barbie Torso ©2022 MATTEL 1186 MJ, 1, NL MADE IN INDONESIA (height must be at least or >1.5mm)",MARKING & GENUINE,from R1C1 | to R5C4,,,"{""accessory"": ""MARKING & GENUINE"", ""text_id"": ""TXT-092"", ""content_type"": ""drawing_text"", ""source_sheet"": ""MARKING & GENUINE"", ""source"": ""from R1C1 | to R5C4"", ""shape_name"": ""TextBox 20""}"
TXT-TXT-093,drawing_text,C CLIP BOTTLE drawing text - TXT-093,Drawing/text label for C CLIP BOTTLE: Please make standardization c clip for Barbie dimension Skipper Toddler chelsea,C CLIP BOTTLE,from R1C2 | to R8C8,,,"{""accessory"": ""C CLIP BOTTLE"", ""text_id"": ""TXT-093"", ""content_type"": ""drawing_text"", ""source_sheet"": ""C clip bottle"", ""source"": ""from R1C2 | to R8C8"", ""shape_name"": ""TextBox 33""}"
IMG-IMG-001,image_context,EARRING image - IMG-001,"Image reference IMG-001 for accessory EARRING. Original media: xl/media/image3.png. Anchor: from R6C15 | to R54C44. Suggested context: 1. Sharp point/thin steel, R 0.8mm, Ø 2mm hole. | 2. Full R at end fo easy assembly | 3. Post location/angel depends on design request | 4. Make sure mo sharp poimt/thin steel. Caption status: needs visual captioning before text-only RAG.",EARRING,from R6C15 | to R54C44,IMG-001,images/original/image3.png,"{""accessory"": ""EARRING"", ""image_id"": ""IMG-001"", ""content_type"": ""image_context"", ""source_sheet"": ""EARRING"", ""source"": ""from R6C15 | to R54C44"", ""media_path"": ""images/original/image3.png"", ""caption_status"": ""needs_caption""}"
IMG-IMG-002,image_context,EARRING image - IMG-002,"Image reference IMG-002 for accessory EARRING. Original media: xl/media/image1.png. Anchor: from R14C4 | to R44C10. Suggested context: 1. Sharp point/thin steel, R 0.8mm, Ø 2mm hole. | 2. Full R at end fo easy assembly | 3. Post location/angel depends on design request | 4. Make sure mo sharp poimt/thin steel. Caption status: needs visual captioning before text-only RAG.",EARRING,from R14C4 | to R44C10,IMG-002,images/original/image1.png,"{""accessory"": ""EARRING"", ""image_id"": ""IMG-002"", ""content_type"": ""image_context"", ""source_sheet"": ""EARRING"", ""source"": ""from R14C4 | to R44C10"", ""media_path"": ""images/original/image1.png"", ""caption_status"": ""needs_caption""}"
IMG-IMG-003,image_context,EARRING image - IMG-003,"Image reference IMG-003 for accessory EARRING. Original media: xl/media/image2.png. Anchor: from R37C11 | to R54C15. Suggested context: 1. Sharp point/thin steel, R 0.8mm, Ø 2mm hole. | 2. Full R at end fo easy assembly | 3. Post location/angel depends on design request | 4. Make sure mo sharp poimt/thin steel. Caption status: needs visual captioning before text-only RAG.",EARRING,from R37C11 | to R54C15,IMG-003,images/original/image2.png,"{""accessory"": ""EARRING"", ""image_id"": ""IMG-003"", ""content_type"": ""image_context"", ""source_sheet"": ""EARRING"", ""source"": ""from R37C11 | to R54C15"", ""media_path"": ""images/original/image2.png"", ""caption_status"": ""needs_caption""}"
IMG-IMG-004,image_context,HANDRING image - IMG-004,Image reference IMG-004 for accessory HANDRING. Original media: xl/media/image4.png. Anchor: from R1C12 | to R38C27. Suggested context: . Caption status: needs visual captioning before text-only RAG.,HANDRING,from R1C12 | to R38C27,IMG-004,images/original/image4.png,"{""accessory"": ""HANDRING"", ""image_id"": ""IMG-004"", ""content_type"": ""image_context"", ""source_sheet"": ""HANDRING"", ""source"": ""from R1C12 | to R38C27"", ""media_path"": ""images/original/image4.png"", ""caption_status"": ""needs_caption""}"
IMG-IMG-005,image_context,HANDRING image - IMG-005,Image reference IMG-005 for accessory HANDRING. Original media: xl/media/image5.png. Anchor: from R19C1 | to R46C4. Suggested context: . Caption status: needs visual captioning before text-only RAG.,HANDRING,from R19C1 | to R46C4,IMG-005,images/original/image5.png,"{""accessory"": ""HANDRING"", ""image_id"": ""IMG-005"", ""content_type"": ""image_context"", ""source_sheet"": ""HANDRING"", ""source"": ""from R19C1 | to R46C4"", ""media_path"": ""images/original/image5.png"", ""caption_status"": ""needs_caption""}"
IMG-IMG-006,image_context,HEADBAND image - IMG-006,"Image reference IMG-006 for accessory HEADBAND. Original media: xl/media/image6.png. Anchor: from R3C14 | to R10C16. Suggested context: 1. Get SG head to double check. | 2. Use one gate design to avoid weldline | 3. PPCO is 1st option. | 4. Sharp point/thin steel, R 0.8mm, Ø 2mm hole.. Caption status: needs visual captioning before text-only RAG.",HEADBAND,from R3C14 | to R10C16,IMG-006,images/original/image6.png,"{""accessory"": ""HEADBAND"", ""image_id"": ""IMG-006"", ""content_type"": ""image_context"", ""source_sheet"": ""HEADBAND"", ""source"": ""from R3C14 | to R10C16"", ""media_path"": ""images/original/image6.png"", ""caption_status"": ""needs_caption""}"
IMG-IMG-007,image_context,HEADBAND image - IMG-007,"Image reference IMG-007 for accessory HEADBAND. Original media: xl/media/image7.png. Anchor: from R4C17 | to R10C26. Suggested context: 1. Get SG head to double check. | 2. Use one gate design to avoid weldline | 3. PPCO is 1st option. | 4. Sharp point/thin steel, R 0.8mm, Ø 2mm hole.. Caption status: needs visual captioning before text-only RAG.",HEADBAND,from R4C17 | to R10C26,IMG-007,images/original/image7.png,"{""accessory"": ""HEADBAND"", ""image_id"": ""IMG-007"", ""content_type"": ""image_context"", ""source_sheet"": ""HEADBAND"", ""source"": ""from R4C17 | to R10C26"", ""media_path"": ""images/original/image7.png"", ""caption_status"": ""needs_caption""}"
IMG-IMG-008,image_context,HEADBAND image - IMG-008,"Image reference IMG-008 for accessory HEADBAND. Original media: xl/media/image11.JPG. Anchor: from R11C14 | extent 782x578px. Suggested context: 1. Get SG head to double check. | 2. Use one gate design to avoid weldline | 3. PPCO is 1st option. | 4. Sharp point/thin steel, R 0.8mm, Ø 2mm hole.. Caption status: needs visual captioning before text-only RAG.",HEADBAND,from R11C14 | extent 782x578px,IMG-008,images/original/image11.JPG,"{""accessory"": ""HEADBAND"", ""image_id"": ""IMG-008"", ""content_type"": ""image_context"", ""source_sheet"": ""HEADBAND"", ""source"": ""from R11C14 | extent 782x578px"", ""media_path"": ""images/original/image11.JPG"", ""caption_status"": ""needs_caption""}"
IMG-IMG-009,image_context,HEADBAND image - IMG-009,"Image reference IMG-009 for accessory HEADBAND. Original media: xl/media/image9.png. Anchor: from R14C1 | to R53C14. Suggested context: 1. Get SG head to double check. | 2. Use one gate design to avoid weldline | 3. PPCO is 1st option. | 4. Sharp point/thin steel, R 0.8mm, Ø 2mm hole.. Caption status: needs visual captioning before text-only RAG.",HEADBAND,from R14C1 | to R53C14,IMG-009,images/original/image9.png,"{""accessory"": ""HEADBAND"", ""image_id"": ""IMG-009"", ""content_type"": ""image_context"", ""source_sheet"": ""HEADBAND"", ""source"": ""from R14C1 | to R53C14"", ""media_path"": ""images/original/image9.png"", ""caption_status"": ""needs_caption""}"
IMG-IMG-010,image_context,HEADBAND image - IMG-010,"Image reference IMG-010 for accessory HEADBAND. Original media: xl/media/image10.jpg. Anchor: from R40C15 | to R58C21. Suggested context: 1. Get SG head to double check. | 2. Use one gate design to avoid weldline | 3. PPCO is 1st option. | 4. Sharp point/thin steel, R 0.8mm, Ø 2mm hole.. Caption status: needs visual captioning before text-only RAG.",HEADBAND,from R40C15 | to R58C21,IMG-010,images/original/image10.jpg,"{""accessory"": ""HEADBAND"", ""image_id"": ""IMG-010"", ""content_type"": ""image_context"", ""source_sheet"": ""HEADBAND"", ""source"": ""from R40C15 | to R58C21"", ""media_path"": ""images/original/image10.jpg"", ""caption_status"": ""needs_caption""}"
IMG-IMG-011,image_context,HEADBAND image - IMG-011,"Image reference IMG-011 for accessory HEADBAND. Original media: xl/media/image8.jpeg. Anchor: from R40C21 | to R59C29. Suggested context: 1. Get SG head to double check. | 2. Use one gate design to avoid weldline | 3. PPCO is 1st option. | 4. Sharp point/thin steel, R 0.8mm, Ø 2mm hole.. Caption status: needs visual captioning before text-only RAG.",HEADBAND,from R40C21 | to R59C29,IMG-011,images/original/image8.jpeg,"{""accessory"": ""HEADBAND"", ""image_id"": ""IMG-011"", ""content_type"": ""image_context"", ""source_sheet"": ""HEADBAND"", ""source"": ""from R40C21 | to R59C29"", ""media_path"": ""images/original/image8.jpeg"", ""caption_status"": ""needs_caption""}"
IMG-IMG-012,image_context,BELT image - IMG-012,"Image reference IMG-012 for accessory BELT. Original media: xl/media/image13.JPG. Anchor: from R3C12 | extent 376x511px. Suggested context: 1. Post direction, outward is the 1st choice. Inward direction is ok for loose belt per design request, but not allowed for tight belt. | 2. Need to fit SG | 3. Try to use 1 post, insead of 2 at every breakaway. | 4. Gate at hole side for PTMI, at post side for MCA. Caption status: needs visual captioning before text-only RAG.",BELT,from R3C12 | extent 376x511px,IMG-012,images/original/image13.JPG,"{""accessory"": ""BELT"", ""image_id"": ""IMG-012"", ""content_type"": ""image_context"", ""source_sheet"": ""BELT"", ""source"": ""from R3C12 | extent 376x511px"", ""media_path"": ""images/original/image13.JPG"", ""caption_status"": ""needs_caption""}"
IMG-IMG-013,image_context,BELT image - IMG-013,"Image reference IMG-013 for accessory BELT. Original media: xl/media/image12.png. Anchor: from R10C1 | extent 756x555px. Suggested context: 1. Post direction, outward is the 1st choice. Inward direction is ok for loose belt per design request, but not allowed for tight belt. | 2. Need to fit SG | 3. Try to use 1 post, insead of 2 at every breakaway. | 4. Gate at hole side for PTMI, at post side for MCA. Caption status: needs visual captioning before text-only RAG.",BELT,from R10C1 | extent 756x555px,IMG-013,images/original/image12.png,"{""accessory"": ""BELT"", ""image_id"": ""IMG-013"", ""content_type"": ""image_context"", ""source_sheet"": ""BELT"", ""source"": ""from R10C1 | extent 756x555px"", ""media_path"": ""images/original/image12.png"", ""caption_status"": ""needs_caption""}"
IMG-IMG-014,image_context,BELT image - IMG-014,"Image reference IMG-014 for accessory BELT. Original media: xl/media/image15.png. Anchor: from R27C12 | extent 710x503px. Suggested context: 1. Post direction, outward is the 1st choice. Inward direction is ok for loose belt per design request, but not allowed for tight belt. | 2. Need to fit SG | 3. Try to use 1 post, insead of 2 at every breakaway. | 4. Gate at hole side for PTMI, at post side for MCA. Caption status: needs visual captioning before text-only RAG.",BELT,from R27C12 | extent 710x503px,IMG-014,images/original/image15.png,"{""accessory"": ""BELT"", ""image_id"": ""IMG-014"", ""content_type"": ""image_context"", ""source_sheet"": ""BELT"", ""source"": ""from R27C12 | extent 710x503px"", ""media_path"": ""images/original/image15.png"", ""caption_status"": ""needs_caption""}"
IMG-IMG-015,image_context,BELT image - IMG-015,"Image reference IMG-015 for accessory BELT. Original media: xl/media/image14.jpg. Anchor: from R39C1 | extent 492x582px. Suggested context: 1. Post direction, outward is the 1st choice. Inward direction is ok for loose belt per design request, but not allowed for tight belt. | 2. Need to fit SG | 3. Try to use 1 post, insead of 2 at every breakaway. | 4. Gate at hole side for PTMI, at post side for MCA. Caption status: needs visual captioning before text-only RAG.",BELT,from R39C1 | extent 492x582px,IMG-015,images/original/image14.jpg,"{""accessory"": ""BELT"", ""image_id"": ""IMG-015"", ""content_type"": ""image_context"", ""source_sheet"": ""BELT"", ""source"": ""from R39C1 | extent 492x582px"", ""media_path"": ""images/original/image14.jpg"", ""caption_status"": ""needs_caption""}"
IMG-IMG-016,image_context,BRACELET image - IMG-016,Image reference IMG-016 for accessory BRACELET. Original media: xl/media/image16.png. Anchor: from R11C1 | to R30C10. Suggested context: . Caption status: needs visual captioning before text-only RAG.,BRACELET,from R11C1 | to R30C10,IMG-016,images/original/image16.png,"{""accessory"": ""BRACELET"", ""image_id"": ""IMG-016"", ""content_type"": ""image_context"", ""source_sheet"": ""BRACELET"", ""source"": ""from R11C1 | to R30C10"", ""media_path"": ""images/original/image16.png"", ""caption_status"": ""needs_caption""}"
IMG-IMG-017,image_context,BRACELET image - IMG-017,Image reference IMG-017 for accessory BRACELET. Original media: xl/media/image17.jpeg. Anchor: from R12C10 | extent 539x332px. Suggested context: . Caption status: needs visual captioning before text-only RAG.,BRACELET,from R12C10 | extent 539x332px,IMG-017,images/original/image17.jpeg,"{""accessory"": ""BRACELET"", ""image_id"": ""IMG-017"", ""content_type"": ""image_context"", ""source_sheet"": ""BRACELET"", ""source"": ""from R12C10 | extent 539x332px"", ""media_path"": ""images/original/image17.jpeg"", ""caption_status"": ""needs_caption""}"
IMG-IMG-018,image_context,NECKLACE image - IMG-018,Image reference IMG-018 for accessory NECKLACE. Original media: xl/media/image19.png. Anchor: from R14C18 | to R37C29. Suggested context: 1. Please ensure cloose loop design (prefer Y shape gate ) | 2. Please ensure enough space for trimming gate (plier) | 3. Please d-check opening standard below for each material | 4. Please d-check VUM proceed/not --> decide holder dimension. Caption status: needs visual captioning before text-only RAG.,NECKLACE,from R14C18 | to R37C29,IMG-018,images/original/image19.png,"{""accessory"": ""NECKLACE"", ""image_id"": ""IMG-018"", ""content_type"": ""image_context"", ""source_sheet"": ""NECKLACE"", ""source"": ""from R14C18 | to R37C29"", ""media_path"": ""images/original/image19.png"", ""caption_status"": ""needs_caption""}"
IMG-IMG-019,image_context,NECKLACE image - IMG-019,Image reference IMG-019 for accessory NECKLACE. Original media: xl/media/image21.png. Anchor: from R16C1 | to R30C5. Suggested context: 1. Please ensure cloose loop design (prefer Y shape gate ) | 2. Please ensure enough space for trimming gate (plier) | 3. Please d-check opening standard below for each material | 4. Please d-check VUM proceed/not --> decide holder dimension. Caption status: needs visual captioning before text-only RAG.,NECKLACE,from R16C1 | to R30C5,IMG-019,images/original/image21.png,"{""accessory"": ""NECKLACE"", ""image_id"": ""IMG-019"", ""content_type"": ""image_context"", ""source_sheet"": ""NECKLACE"", ""source"": ""from R16C1 | to R30C5"", ""media_path"": ""images/original/image21.png"", ""caption_status"": ""needs_caption""}"
IMG-IMG-020,image_context,NECKLACE image - IMG-020,Image reference IMG-020 for accessory NECKLACE. Original media: xl/media/image22.png. Anchor: from R16C5 | to R30C9. Suggested context: 1. Please ensure cloose loop design (prefer Y shape gate ) | 2. Please ensure enough space for trimming gate (plier) | 3. Please d-check opening standard below for each material | 4. Please d-check VUM proceed/not --> decide holder dimension. Caption status: needs visual captioning before text-only RAG.,NECKLACE,from R16C5 | to R30C9,IMG-020,images/original/image22.png,"{""accessory"": ""NECKLACE"", ""image_id"": ""IMG-020"", ""content_type"": ""image_context"", ""source_sheet"": ""NECKLACE"", ""source"": ""from R16C5 | to R30C9"", ""media_path"": ""images/original/image22.png"", ""caption_status"": ""needs_caption""}"
IMG-IMG-021,image_context,NECKLACE image - IMG-021,Image reference IMG-021 for accessory NECKLACE. Original media: xl/media/image23.png. Anchor: from R16C10 | to R30C12. Suggested context: 1. Please ensure cloose loop design (prefer Y shape gate ) | 2. Please ensure enough space for trimming gate (plier) | 3. Please d-check opening standard below for each material | 4. Please d-check VUM proceed/not --> decide holder dimension. Caption status: needs visual captioning before text-only RAG.,NECKLACE,from R16C10 | to R30C12,IMG-021,images/original/image23.png,"{""accessory"": ""NECKLACE"", ""image_id"": ""IMG-021"", ""content_type"": ""image_context"", ""source_sheet"": ""NECKLACE"", ""source"": ""from R16C10 | to R30C12"", ""media_path"": ""images/original/image23.png"", ""caption_status"": ""needs_caption""}"
IMG-IMG-022,image_context,NECKLACE image - IMG-022,Image reference IMG-022 for accessory NECKLACE. Original media: xl/media/image24.png. Anchor: from R16C12 | to R30C16. Suggested context: 1. Please ensure cloose loop design (prefer Y shape gate ) | 2. Please ensure enough space for trimming gate (plier) | 3. Please d-check opening standard below for each material | 4. Please d-check VUM proceed/not --> decide holder dimension. Caption status: needs visual captioning before text-only RAG.,NECKLACE,from R16C12 | to R30C16,IMG-022,images/original/image24.png,"{""accessory"": ""NECKLACE"", ""image_id"": ""IMG-022"", ""content_type"": ""image_context"", ""source_sheet"": ""NECKLACE"", ""source"": ""from R16C12 | to R30C16"", ""media_path"": ""images/original/image24.png"", ""caption_status"": ""needs_caption""}"
IMG-IMG-023,image_context,NECKLACE image - IMG-023,Image reference IMG-023 for accessory NECKLACE. Original media: xl/media/image25.png. Anchor: from R32C1 | to R56C6. Suggested context: 1. Please ensure cloose loop design (prefer Y shape gate ) | 2. Please ensure enough space for trimming gate (plier) | 3. Please d-check opening standard below for each material | 4. Please d-check VUM proceed/not --> decide holder dimension. Caption status: needs visual captioning before text-only RAG.,NECKLACE,from R32C1 | to R56C6,IMG-023,images/original/image25.png,"{""accessory"": ""NECKLACE"", ""image_id"": ""IMG-023"", ""content_type"": ""image_context"", ""source_sheet"": ""NECKLACE"", ""source"": ""from R32C1 | to R56C6"", ""media_path"": ""images/original/image25.png"", ""caption_status"": ""needs_caption""}"
IMG-IMG-024,image_context,NECKLACE image - IMG-024,Image reference IMG-024 for accessory NECKLACE. Original media: xl/media/image26.png. Anchor: from R35C10 | to R50C12. Suggested context: 1. Please ensure cloose loop design (prefer Y shape gate ) | 2. Please ensure enough space for trimming gate (plier) | 3. Please d-check opening standard below for each material | 4. Please d-check VUM proceed/not --> decide holder dimension. Caption status: needs visual captioning before text-only RAG.,NECKLACE,from R35C10 | to R50C12,IMG-024,images/original/image26.png,"{""accessory"": ""NECKLACE"", ""image_id"": ""IMG-024"", ""content_type"": ""image_context"", ""source_sheet"": ""NECKLACE"", ""source"": ""from R35C10 | to R50C12"", ""media_path"": ""images/original/image26.png"", ""caption_status"": ""needs_caption""}"
IMG-IMG-025,image_context,NECKLACE image - IMG-025,Image reference IMG-025 for accessory NECKLACE. Original media: xl/media/image18.png. Anchor: from R35C18 | to R46C27. Suggested context: 1. Please ensure cloose loop design (prefer Y shape gate ) | 2. Please ensure enough space for trimming gate (plier) | 3. Please d-check opening standard below for each material | 4. Please d-check VUM proceed/not --> decide holder dimension. Caption status: needs visual captioning before text-only RAG.,NECKLACE,from R35C18 | to R46C27,IMG-025,images/original/image18.png,"{""accessory"": ""NECKLACE"", ""image_id"": ""IMG-025"", ""content_type"": ""image_context"", ""source_sheet"": ""NECKLACE"", ""source"": ""from R35C18 | to R46C27"", ""media_path"": ""images/original/image18.png"", ""caption_status"": ""needs_caption""}"
IMG-IMG-026,image_context,NECKLACE image - IMG-026,Image reference IMG-026 for accessory NECKLACE. Original media: xl/media/image20.png. Anchor: from R47C18 | to R57C28. Suggested context: 1. Please ensure cloose loop design (prefer Y shape gate ) | 2. Please ensure enough space for trimming gate (plier) | 3. Please d-check opening standard below for each material | 4. Please d-check VUM proceed/not --> decide holder dimension. Caption status: needs visual captioning before text-only RAG.,NECKLACE,from R47C18 | to R57C28,IMG-026,images/original/image20.png,"{""accessory"": ""NECKLACE"", ""image_id"": ""IMG-026"", ""content_type"": ""image_context"", ""source_sheet"": ""NECKLACE"", ""source"": ""from R47C18 | to R57C28"", ""media_path"": ""images/original/image20.png"", ""caption_status"": ""needs_caption""}"
IMG-IMG-027,image_context,BACKPACK ASSY image - IMG-027,Image reference IMG-027 for accessory BACKPACK ASSY. Original media: xl/media/image27.png. Anchor: from R14C1 | to R22C5. Suggested context: 1. Strap connection type mushroom | 2. Ensure there's locking slot on hole | 3. Add ribb allong backpack bottom | Locking on hole Ø3.2. Caption status: needs visual captioning before text-only RAG.,BACKPACK ASSY,from R14C1 | to R22C5,IMG-027,images/original/image27.png,"{""accessory"": ""BACKPACK ASSY"", ""image_id"": ""IMG-027"", ""content_type"": ""image_context"", ""source_sheet"": ""Backpack assy"", ""source"": ""from R14C1 | to R22C5"", ""media_path"": ""images/original/image27.png"", ""caption_status"": ""needs_caption""}"
IMG-IMG-028,image_context,BACKPACK ASSY image - IMG-028,Image reference IMG-028 for accessory BACKPACK ASSY. Original media: xl/media/image28.png. Anchor: from R24C4 | to R33C7. Suggested context: 1. Strap connection type mushroom | 2. Ensure there's locking slot on hole | 3. Add ribb allong backpack bottom | Locking on hole Ø3.2. Caption status: needs visual captioning before text-only RAG.,BACKPACK ASSY,from R24C4 | to R33C7,IMG-028,images/original/image28.png,"{""accessory"": ""BACKPACK ASSY"", ""image_id"": ""IMG-028"", ""content_type"": ""image_context"", ""source_sheet"": ""Backpack assy"", ""source"": ""from R24C4 | to R33C7"", ""media_path"": ""images/original/image28.png"", ""caption_status"": ""needs_caption""}"
IMG-IMG-029,image_context,BACKPACK ASSY image - IMG-029,Image reference IMG-029 for accessory BACKPACK ASSY. Original media: xl/media/image29.png. Anchor: from R24C9 | to R48C17. Suggested context: 1. Strap connection type mushroom | 2. Ensure there's locking slot on hole | 3. Add ribb allong backpack bottom | Locking on hole Ø3.2. Caption status: needs visual captioning before text-only RAG.,BACKPACK ASSY,from R24C9 | to R48C17,IMG-029,images/original/image29.png,"{""accessory"": ""BACKPACK ASSY"", ""image_id"": ""IMG-029"", ""content_type"": ""image_context"", ""source_sheet"": ""Backpack assy"", ""source"": ""from R24C9 | to R48C17"", ""media_path"": ""images/original/image29.png"", ""caption_status"": ""needs_caption""}"
IMG-IMG-030,image_context,BACKPACK ASSY image - IMG-030,Image reference IMG-030 for accessory BACKPACK ASSY. Original media: xl/media/image30.png. Anchor: from R24C17 | to R47C25. Suggested context: 1. Strap connection type mushroom | 2. Ensure there's locking slot on hole | 3. Add ribb allong backpack bottom | Locking on hole Ø3.2. Caption status: needs visual captioning before text-only RAG.,BACKPACK ASSY,from R24C17 | to R47C25,IMG-030,images/original/image30.png,"{""accessory"": ""BACKPACK ASSY"", ""image_id"": ""IMG-030"", ""content_type"": ""image_context"", ""source_sheet"": ""Backpack assy"", ""source"": ""from R24C17 | to R47C25"", ""media_path"": ""images/original/image30.png"", ""caption_status"": ""needs_caption""}"
IMG-IMG-031,image_context,BACKPACK ASSY image - IMG-031,Image reference IMG-031 for accessory BACKPACK ASSY. Original media: xl/media/image31.png. Anchor: from R32C2 | to R41C6. Suggested context: 1. Strap connection type mushroom | 2. Ensure there's locking slot on hole | 3. Add ribb allong backpack bottom | Locking on hole Ø3.2. Caption status: needs visual captioning before text-only RAG.,BACKPACK ASSY,from R32C2 | to R41C6,IMG-031,images/original/image31.png,"{""accessory"": ""BACKPACK ASSY"", ""image_id"": ""IMG-031"", ""content_type"": ""image_context"", ""source_sheet"": ""Backpack assy"", ""source"": ""from R32C2 | to R41C6"", ""media_path"": ""images/original/image31.png"", ""caption_status"": ""needs_caption""}"
IMG-IMG-032,image_context,STD ELECTRODE PTMI image - IMG-032,Image reference IMG-032 for accessory STD ELECTRODE PTMI. Original media: xl/media/image32.png. Anchor: from R1C1 | to R21C6. Suggested context: 40mm | Ø7mm | Standard electrode PTMI | Flat Surface Add 2 hole for M6. Caption status: needs visual captioning before text-only RAG.,STD ELECTRODE PTMI,from R1C1 | to R21C6,IMG-032,images/original/image32.png,"{""accessory"": ""STD ELECTRODE PTMI"", ""image_id"": ""IMG-032"", ""content_type"": ""image_context"", ""source_sheet"": ""STD Electrode PTMI"", ""source"": ""from R1C1 | to R21C6"", ""media_path"": ""images/original/image32.png"", ""caption_status"": ""needs_caption""}"
IMG-IMG-033,image_context,GLASSES image - IMG-033,"Image reference IMG-033 for accessory GLASSES. Original media: xl/media/image34.png. Anchor: from R11C13 | to R29C22. Suggested context: 1. P/L location, not go through middle of glass. | 2. Enough Connection at Middle | 3. Slide sticking, enough draft 3~10 degree. | 4. Hang on slide, enough strike. Caption status: needs visual captioning before text-only RAG.",GLASSES,from R11C13 | to R29C22,IMG-033,images/original/image34.png,"{""accessory"": ""GLASSES"", ""image_id"": ""IMG-033"", ""content_type"": ""image_context"", ""source_sheet"": ""GLASSES"", ""source"": ""from R11C13 | to R29C22"", ""media_path"": ""images/original/image34.png"", ""caption_status"": ""needs_caption""}"
IMG-IMG-034,image_context,GLASSES image - IMG-034,"Image reference IMG-034 for accessory GLASSES. Original media: xl/media/image33.png. Anchor: from R15C1 | to R27C11. Suggested context: 1. P/L location, not go through middle of glass. | 2. Enough Connection at Middle | 3. Slide sticking, enough draft 3~10 degree. | 4. Hang on slide, enough strike. Caption status: needs visual captioning before text-only RAG.",GLASSES,from R15C1 | to R27C11,IMG-034,images/original/image33.png,"{""accessory"": ""GLASSES"", ""image_id"": ""IMG-034"", ""content_type"": ""image_context"", ""source_sheet"": ""GLASSES"", ""source"": ""from R15C1 | to R27C11"", ""media_path"": ""images/original/image33.png"", ""caption_status"": ""needs_caption""}"
IMG-IMG-035,image_context,HAIR CLIP image - IMG-035,Image reference IMG-035 for accessory HAIR CLIP. Original media: xl/media/image37.png. Anchor: from R10C1 | to R19C6. Suggested context: 1. Add notch on part | 2. half plastic on hinge | 3. coring on hinge | 4. Bump on pin. Caption status: needs visual captioning before text-only RAG.,HAIR CLIP,from R10C1 | to R19C6,IMG-035,images/original/image37.png,"{""accessory"": ""HAIR CLIP"", ""image_id"": ""IMG-035"", ""content_type"": ""image_context"", ""source_sheet"": ""Hair clip"", ""source"": ""from R10C1 | to R19C6"", ""media_path"": ""images/original/image37.png"", ""caption_status"": ""needs_caption""}"
IMG-IMG-036,image_context,HAIR CLIP image - IMG-036,Image reference IMG-036 for accessory HAIR CLIP. Original media: xl/media/image35.png. Anchor: from R10C6 | to R29C11. Suggested context: 1. Add notch on part | 2. half plastic on hinge | 3. coring on hinge | 4. Bump on pin. Caption status: needs visual captioning before text-only RAG.,HAIR CLIP,from R10C6 | to R29C11,IMG-036,images/original/image35.png,"{""accessory"": ""HAIR CLIP"", ""image_id"": ""IMG-036"", ""content_type"": ""image_context"", ""source_sheet"": ""Hair clip"", ""source"": ""from R10C6 | to R29C11"", ""media_path"": ""images/original/image35.png"", ""caption_status"": ""needs_caption""}"
IMG-IMG-037,image_context,HAIR CLIP image - IMG-037,Image reference IMG-037 for accessory HAIR CLIP. Original media: xl/media/image36.png. Anchor: from R10C6 | to R29C11. Suggested context: 1. Add notch on part | 2. half plastic on hinge | 3. coring on hinge | 4. Bump on pin. Caption status: needs visual captioning before text-only RAG.,HAIR CLIP,from R10C6 | to R29C11,IMG-037,images/original/image36.png,"{""accessory"": ""HAIR CLIP"", ""image_id"": ""IMG-037"", ""content_type"": ""image_context"", ""source_sheet"": ""Hair clip"", ""source"": ""from R10C6 | to R29C11"", ""media_path"": ""images/original/image36.png"", ""caption_status"": ""needs_caption""}"
IMG-IMG-038,image_context,SHOES image - IMG-038,Image reference IMG-038 for accessory SHOES. Original media: xl/media/image50.png. Anchor: from R2C28 | to R27C45. Suggested context: 1. Need jumping P/L at bottom if there's logo. | 2. Please add offset 0.3mm (clearance to leg) per side | 3. Arrange layout R-R and L-L and add flag on runner to make trimming process easier | 4. Tampo issue- Ensure gate position not at side area bookmask (will affect paint issue). Caption status: needs visual captioning before text-only RAG.,SHOES,from R2C28 | to R27C45,IMG-038,images/original/image50.png,"{""accessory"": ""SHOES"", ""image_id"": ""IMG-038"", ""content_type"": ""image_context"", ""source_sheet"": ""SHOES"", ""source"": ""from R2C28 | to R27C45"", ""media_path"": ""images/original/image50.png"", ""caption_status"": ""needs_caption""}"
IMG-IMG-039,image_context,SHOES image - IMG-039,Image reference IMG-039 for accessory SHOES. Original media: xl/media/image42.png. Anchor: from R4C13 | to R12C15. Suggested context: 1. Need jumping P/L at bottom if there's logo. | 2. Please add offset 0.3mm (clearance to leg) per side | 3. Arrange layout R-R and L-L and add flag on runner to make trimming process easier | 4. Tampo issue- Ensure gate position not at side area bookmask (will affect paint issue). Caption status: needs visual captioning before text-only RAG.,SHOES,from R4C13 | to R12C15,IMG-039,images/original/image42.png,"{""accessory"": ""SHOES"", ""image_id"": ""IMG-039"", ""content_type"": ""image_context"", ""source_sheet"": ""SHOES"", ""source"": ""from R4C13 | to R12C15"", ""media_path"": ""images/original/image42.png"", ""caption_status"": ""needs_caption""}"
IMG-IMG-040,image_context,SHOES image - IMG-040,Image reference IMG-040 for accessory SHOES. Original media: xl/media/image43.png. Anchor: from R4C15 | to R12C18. Suggested context: 1. Need jumping P/L at bottom if there's logo. | 2. Please add offset 0.3mm (clearance to leg) per side | 3. Arrange layout R-R and L-L and add flag on runner to make trimming process easier | 4. Tampo issue- Ensure gate position not at side area bookmask (will affect paint issue). Caption status: needs visual captioning before text-only RAG.,SHOES,from R4C15 | to R12C18,IMG-040,images/original/image43.png,"{""accessory"": ""SHOES"", ""image_id"": ""IMG-040"", ""content_type"": ""image_context"", ""source_sheet"": ""SHOES"", ""source"": ""from R4C15 | to R12C18"", ""media_path"": ""images/original/image43.png"", ""caption_status"": ""needs_caption""}"
IMG-IMG-041,image_context,SHOES image - IMG-041,Image reference IMG-041 for accessory SHOES. Original media: xl/media/image39.jpeg. Anchor: from R4C19 | to R28C23. Suggested context: 1. Need jumping P/L at bottom if there's logo. | 2. Please add offset 0.3mm (clearance to leg) per side | 3. Arrange layout R-R and L-L and add flag on runner to make trimming process easier | 4. Tampo issue- Ensure gate position not at side area bookmask (will affect paint issue). Caption status: needs visual captioning before text-only RAG.,SHOES,from R4C19 | to R28C23,IMG-041,images/original/image39.jpeg,"{""accessory"": ""SHOES"", ""image_id"": ""IMG-041"", ""content_type"": ""image_context"", ""source_sheet"": ""SHOES"", ""source"": ""from R4C19 | to R28C23"", ""media_path"": ""images/original/image39.jpeg"", ""caption_status"": ""needs_caption""}"
IMG-IMG-042,image_context,SHOES image - IMG-042,Image reference IMG-042 for accessory SHOES. Original media: xl/media/image40.png. Anchor: from R4C19 | to R28C23. Suggested context: 1. Need jumping P/L at bottom if there's logo. | 2. Please add offset 0.3mm (clearance to leg) per side | 3. Arrange layout R-R and L-L and add flag on runner to make trimming process easier | 4. Tampo issue- Ensure gate position not at side area bookmask (will affect paint issue). Caption status: needs visual captioning before text-only RAG.,SHOES,from R4C19 | to R28C23,IMG-042,images/original/image40.png,"{""accessory"": ""SHOES"", ""image_id"": ""IMG-042"", ""content_type"": ""image_context"", ""source_sheet"": ""SHOES"", ""source"": ""from R4C19 | to R28C23"", ""media_path"": ""images/original/image40.png"", ""caption_status"": ""needs_caption""}"
IMG-IMG-043,image_context,SHOES image - IMG-043,Image reference IMG-043 for accessory SHOES. Original media: xl/media/image44.png. Anchor: from R4C24 | to R16C27. Suggested context: 1. Need jumping P/L at bottom if there's logo. | 2. Please add offset 0.3mm (clearance to leg) per side | 3. Arrange layout R-R and L-L and add flag on runner to make trimming process easier | 4. Tampo issue- Ensure gate position not at side area bookmask (will affect paint issue). Caption status: needs visual captioning before text-only RAG.,SHOES,from R4C24 | to R16C27,IMG-043,images/original/image44.png,"{""accessory"": ""SHOES"", ""image_id"": ""IMG-043"", ""content_type"": ""image_context"", ""source_sheet"": ""SHOES"", ""source"": ""from R4C24 | to R16C27"", ""media_path"": ""images/original/image44.png"", ""caption_status"": ""needs_caption""}"
IMG-IMG-044,image_context,SHOES image - IMG-044,Image reference IMG-044 for accessory SHOES. Original media: xl/media/image52.png. Anchor: from R12C13 | to R21C18. Suggested context: 1. Need jumping P/L at bottom if there's logo. | 2. Please add offset 0.3mm (clearance to leg) per side | 3. Arrange layout R-R and L-L and add flag on runner to make trimming process easier | 4. Tampo issue- Ensure gate position not at side area bookmask (will affect paint issue). Caption status: needs visual captioning before text-only RAG.,SHOES,from R12C13 | to R21C18,IMG-044,images/original/image52.png,"{""accessory"": ""SHOES"", ""image_id"": ""IMG-044"", ""content_type"": ""image_context"", ""source_sheet"": ""SHOES"", ""source"": ""from R12C13 | to R21C18"", ""media_path"": ""images/original/image52.png"", ""caption_status"": ""needs_caption""}"
IMG-IMG-045,image_context,SHOES image - IMG-045,Image reference IMG-045 for accessory SHOES. Original media: xl/media/image38.png. Anchor: from R15C2 | to R22C5. Suggested context: 1. Need jumping P/L at bottom if there's logo. | 2. Please add offset 0.3mm (clearance to leg) per side | 3. Arrange layout R-R and L-L and add flag on runner to make trimming process easier | 4. Tampo issue- Ensure gate position not at side area bookmask (will affect paint issue). Caption status: needs visual captioning before text-only RAG.,SHOES,from R15C2 | to R22C5,IMG-045,images/original/image38.png,"{""accessory"": ""SHOES"", ""image_id"": ""IMG-045"", ""content_type"": ""image_context"", ""source_sheet"": ""SHOES"", ""source"": ""from R15C2 | to R22C5"", ""media_path"": ""images/original/image38.png"", ""caption_status"": ""needs_caption""}"
IMG-IMG-046,image_context,SHOES image - IMG-046,Image reference IMG-046 for accessory SHOES. Original media: xl/media/image46.png. Anchor: from R15C6 | to R24C8. Suggested context: 1. Need jumping P/L at bottom if there's logo. | 2. Please add offset 0.3mm (clearance to leg) per side | 3. Arrange layout R-R and L-L and add flag on runner to make trimming process easier | 4. Tampo issue- Ensure gate position not at side area bookmask (will affect paint issue). Caption status: needs visual captioning before text-only RAG.,SHOES,from R15C6 | to R24C8,IMG-046,images/original/image46.png,"{""accessory"": ""SHOES"", ""image_id"": ""IMG-046"", ""content_type"": ""image_context"", ""source_sheet"": ""SHOES"", ""source"": ""from R15C6 | to R24C8"", ""media_path"": ""images/original/image46.png"", ""caption_status"": ""needs_caption""}"
IMG-IMG-047,image_context,SHOES image - IMG-047,Image reference IMG-047 for accessory SHOES. Original media: xl/media/image47.png. Anchor: from R15C8 | to R23C10. Suggested context: 1. Need jumping P/L at bottom if there's logo. | 2. Please add offset 0.3mm (clearance to leg) per side | 3. Arrange layout R-R and L-L and add flag on runner to make trimming process easier | 4. Tampo issue- Ensure gate position not at side area bookmask (will affect paint issue). Caption status: needs visual captioning before text-only RAG.,SHOES,from R15C8 | to R23C10,IMG-047,images/original/image47.png,"{""accessory"": ""SHOES"", ""image_id"": ""IMG-047"", ""content_type"": ""image_context"", ""source_sheet"": ""SHOES"", ""source"": ""from R15C8 | to R23C10"", ""media_path"": ""images/original/image47.png"", ""caption_status"": ""needs_caption""}"
IMG-IMG-048,image_context,SHOES image - IMG-048,Image reference IMG-048 for accessory SHOES. Original media: xl/media/image48.png. Anchor: from R15C10 | to R23C11. Suggested context: 1. Need jumping P/L at bottom if there's logo. | 2. Please add offset 0.3mm (clearance to leg) per side | 3. Arrange layout R-R and L-L and add flag on runner to make trimming process easier | 4. Tampo issue- Ensure gate position not at side area bookmask (will affect paint issue). Caption status: needs visual captioning before text-only RAG.,SHOES,from R15C10 | to R23C11,IMG-048,images/original/image48.png,"{""accessory"": ""SHOES"", ""image_id"": ""IMG-048"", ""content_type"": ""image_context"", ""source_sheet"": ""SHOES"", ""source"": ""from R15C10 | to R23C11"", ""media_path"": ""images/original/image48.png"", ""caption_status"": ""needs_caption""}"
IMG-IMG-049,image_context,SHOES image - IMG-049,Image reference IMG-049 for accessory SHOES. Original media: xl/media/image45.jpeg. Anchor: from R16C24 | to R24C27. Suggested context: 1. Need jumping P/L at bottom if there's logo. | 2. Please add offset 0.3mm (clearance to leg) per side | 3. Arrange layout R-R and L-L and add flag on runner to make trimming process easier | 4. Tampo issue- Ensure gate position not at side area bookmask (will affect paint issue). Caption status: needs visual captioning before text-only RAG.,SHOES,from R16C24 | to R24C27,IMG-049,images/original/image45.jpeg,"{""accessory"": ""SHOES"", ""image_id"": ""IMG-049"", ""content_type"": ""image_context"", ""source_sheet"": ""SHOES"", ""source"": ""from R16C24 | to R24C27"", ""media_path"": ""images/original/image45.jpeg"", ""caption_status"": ""needs_caption""}"
IMG-IMG-050,image_context,SHOES image - IMG-050,Image reference IMG-050 for accessory SHOES. Original media: xl/media/image49.png. Anchor: from R26C5 | to R35C10. Suggested context: 1. Need jumping P/L at bottom if there's logo. | 2. Please add offset 0.3mm (clearance to leg) per side | 3. Arrange layout R-R and L-L and add flag on runner to make trimming process easier | 4. Tampo issue- Ensure gate position not at side area bookmask (will affect paint issue). Caption status: needs visual captioning before text-only RAG.,SHOES,from R26C5 | to R35C10,IMG-050,images/original/image49.png,"{""accessory"": ""SHOES"", ""image_id"": ""IMG-050"", ""content_type"": ""image_context"", ""source_sheet"": ""SHOES"", ""source"": ""from R26C5 | to R35C10"", ""media_path"": ""images/original/image49.png"", ""caption_status"": ""needs_caption""}"
IMG-IMG-051,image_context,SHOES image - IMG-051,Image reference IMG-051 for accessory SHOES. Original media: xl/media/image45.jpeg. Anchor: from R27C2 | to R35C5. Suggested context: 1. Need jumping P/L at bottom if there's logo. | 2. Please add offset 0.3mm (clearance to leg) per side | 3. Arrange layout R-R and L-L and add flag on runner to make trimming process easier | 4. Tampo issue- Ensure gate position not at side area bookmask (will affect paint issue). Caption status: needs visual captioning before text-only RAG.,SHOES,from R27C2 | to R35C5,IMG-051,images/original/image45.jpeg,"{""accessory"": ""SHOES"", ""image_id"": ""IMG-051"", ""content_type"": ""image_context"", ""source_sheet"": ""SHOES"", ""source"": ""from R27C2 | to R35C5"", ""media_path"": ""images/original/image45.jpeg"", ""caption_status"": ""needs_caption""}"
IMG-IMG-052,image_context,SHOES image - IMG-052,Image reference IMG-052 for accessory SHOES. Original media: xl/media/image41.png. Anchor: from R31C18 | to R52C23. Suggested context: 1. Need jumping P/L at bottom if there's logo. | 2. Please add offset 0.3mm (clearance to leg) per side | 3. Arrange layout R-R and L-L and add flag on runner to make trimming process easier | 4. Tampo issue- Ensure gate position not at side area bookmask (will affect paint issue). Caption status: needs visual captioning before text-only RAG.,SHOES,from R31C18 | to R52C23,IMG-052,images/original/image41.png,"{""accessory"": ""SHOES"", ""image_id"": ""IMG-052"", ""content_type"": ""image_context"", ""source_sheet"": ""SHOES"", ""source"": ""from R31C18 | to R52C23"", ""media_path"": ""images/original/image41.png"", ""caption_status"": ""needs_caption""}"
IMG-IMG-053,image_context,SHOES image - IMG-053,Image reference IMG-053 for accessory SHOES. Original media: xl/media/image51.png. Anchor: from R33C29 | to R78C38. Suggested context: 1. Need jumping P/L at bottom if there's logo. | 2. Please add offset 0.3mm (clearance to leg) per side | 3. Arrange layout R-R and L-L and add flag on runner to make trimming process easier | 4. Tampo issue- Ensure gate position not at side area bookmask (will affect paint issue). Caption status: needs visual captioning before text-only RAG.,SHOES,from R33C29 | to R78C38,IMG-053,images/original/image51.png,"{""accessory"": ""SHOES"", ""image_id"": ""IMG-053"", ""content_type"": ""image_context"", ""source_sheet"": ""SHOES"", ""source"": ""from R33C29 | to R78C38"", ""media_path"": ""images/original/image51.png"", ""caption_status"": ""needs_caption""}"
IMG-IMG-054,image_context,SHOES image - IMG-054,Image reference IMG-054 for accessory SHOES. Original media: xl/media/image41.png. Anchor: from R39C2 | to R48C6. Suggested context: 1. Need jumping P/L at bottom if there's logo. | 2. Please add offset 0.3mm (clearance to leg) per side | 3. Arrange layout R-R and L-L and add flag on runner to make trimming process easier | 4. Tampo issue- Ensure gate position not at side area bookmask (will affect paint issue). Caption status: needs visual captioning before text-only RAG.,SHOES,from R39C2 | to R48C6,IMG-054,images/original/image41.png,"{""accessory"": ""SHOES"", ""image_id"": ""IMG-054"", ""content_type"": ""image_context"", ""source_sheet"": ""SHOES"", ""source"": ""from R39C2 | to R48C6"", ""media_path"": ""images/original/image41.png"", ""caption_status"": ""needs_caption""}"
IMG-IMG-055,image_context,PET(SEPARATE HEAD) image - IMG-055,Image reference IMG-055 for accessory PET(SEPARATE HEAD). Original media: xl/media/image57.png. Anchor: from R3C14 | to R12C18. Suggested context: 1. Put gate position on upper neck or body (not assy area) | 2. Use Z puller at main runner | 3. Ensure there are ejector's placed at sub runner | 4. Apply D shape pokayoke for neck + Groove. Caption status: needs visual captioning before text-only RAG.,PET(SEPARATE HEAD),from R3C14 | to R12C18,IMG-055,images/original/image57.png,"{""accessory"": ""PET(SEPARATE HEAD)"", ""image_id"": ""IMG-055"", ""content_type"": ""image_context"", ""source_sheet"": ""PET(SEPARATE HEAD)"", ""source"": ""from R3C14 | to R12C18"", ""media_path"": ""images/original/image57.png"", ""caption_status"": ""needs_caption""}"
IMG-IMG-056,image_context,PET(SEPARATE HEAD) image - IMG-056,Image reference IMG-056 for accessory PET(SEPARATE HEAD). Original media: xl/media/image58.png. Anchor: from R15C14 | to R27C18. Suggested context: 1. Put gate position on upper neck or body (not assy area) | 2. Use Z puller at main runner | 3. Ensure there are ejector's placed at sub runner | 4. Apply D shape pokayoke for neck + Groove. Caption status: needs visual captioning before text-only RAG.,PET(SEPARATE HEAD),from R15C14 | to R27C18,IMG-056,images/original/image58.png,"{""accessory"": ""PET(SEPARATE HEAD)"", ""image_id"": ""IMG-056"", ""content_type"": ""image_context"", ""source_sheet"": ""PET(SEPARATE HEAD)"", ""source"": ""from R15C14 | to R27C18"", ""media_path"": ""images/original/image58.png"", ""caption_status"": ""needs_caption""}"
IMG-IMG-057,image_context,PET(SEPARATE HEAD) image - IMG-057,Image reference IMG-057 for accessory PET(SEPARATE HEAD). Original media: xl/media/image59.png. Anchor: from R15C14 | to R27C18. Suggested context: 1. Put gate position on upper neck or body (not assy area) | 2. Use Z puller at main runner | 3. Ensure there are ejector's placed at sub runner | 4. Apply D shape pokayoke for neck + Groove. Caption status: needs visual captioning before text-only RAG.,PET(SEPARATE HEAD),from R15C14 | to R27C18,IMG-057,images/original/image59.png,"{""accessory"": ""PET(SEPARATE HEAD)"", ""image_id"": ""IMG-057"", ""content_type"": ""image_context"", ""source_sheet"": ""PET(SEPARATE HEAD)"", ""source"": ""from R15C14 | to R27C18"", ""media_path"": ""images/original/image59.png"", ""caption_status"": ""needs_caption""}"
IMG-IMG-058,image_context,PET(SEPARATE HEAD) image - IMG-058,Image reference IMG-058 for accessory PET(SEPARATE HEAD). Original media: xl/media/image54.png. Anchor: from R16C4 | to R23C11. Suggested context: 1. Put gate position on upper neck or body (not assy area) | 2. Use Z puller at main runner | 3. Ensure there are ejector's placed at sub runner | 4. Apply D shape pokayoke for neck + Groove. Caption status: needs visual captioning before text-only RAG.,PET(SEPARATE HEAD),from R16C4 | to R23C11,IMG-058,images/original/image54.png,"{""accessory"": ""PET(SEPARATE HEAD)"", ""image_id"": ""IMG-058"", ""content_type"": ""image_context"", ""source_sheet"": ""PET(SEPARATE HEAD)"", ""source"": ""from R16C4 | to R23C11"", ""media_path"": ""images/original/image54.png"", ""caption_status"": ""needs_caption""}"
IMG-IMG-059,image_context,PET(SEPARATE HEAD) image - IMG-059,Image reference IMG-059 for accessory PET(SEPARATE HEAD). Original media: xl/media/image55.png. Anchor: from R16C4 | to R23C11. Suggested context: 1. Put gate position on upper neck or body (not assy area) | 2. Use Z puller at main runner | 3. Ensure there are ejector's placed at sub runner | 4. Apply D shape pokayoke for neck + Groove. Caption status: needs visual captioning before text-only RAG.,PET(SEPARATE HEAD),from R16C4 | to R23C11,IMG-059,images/original/image55.png,"{""accessory"": ""PET(SEPARATE HEAD)"", ""image_id"": ""IMG-059"", ""content_type"": ""image_context"", ""source_sheet"": ""PET(SEPARATE HEAD)"", ""source"": ""from R16C4 | to R23C11"", ""media_path"": ""images/original/image55.png"", ""caption_status"": ""needs_caption""}"
IMG-IMG-060,image_context,PET(SEPARATE HEAD) image - IMG-060,Image reference IMG-060 for accessory PET(SEPARATE HEAD). Original media: xl/media/image53.png. Anchor: from R28C4 | to R34C6. Suggested context: 1. Put gate position on upper neck or body (not assy area) | 2. Use Z puller at main runner | 3. Ensure there are ejector's placed at sub runner | 4. Apply D shape pokayoke for neck + Groove. Caption status: needs visual captioning before text-only RAG.,PET(SEPARATE HEAD),from R28C4 | to R34C6,IMG-060,images/original/image53.png,"{""accessory"": ""PET(SEPARATE HEAD)"", ""image_id"": ""IMG-060"", ""content_type"": ""image_context"", ""source_sheet"": ""PET(SEPARATE HEAD)"", ""source"": ""from R28C4 | to R34C6"", ""media_path"": ""images/original/image53.png"", ""caption_status"": ""needs_caption""}"
IMG-IMG-061,image_context,PET(SEPARATE HEAD) image - IMG-061,Image reference IMG-061 for accessory PET(SEPARATE HEAD). Original media: xl/media/image56.png. Anchor: from R28C6 | to R37C9. Suggested context: 1. Put gate position on upper neck or body (not assy area) | 2. Use Z puller at main runner | 3. Ensure there are ejector's placed at sub runner | 4. Apply D shape pokayoke for neck + Groove. Caption status: needs visual captioning before text-only RAG.,PET(SEPARATE HEAD),from R28C6 | to R37C9,IMG-061,images/original/image56.png,"{""accessory"": ""PET(SEPARATE HEAD)"", ""image_id"": ""IMG-061"", ""content_type"": ""image_context"", ""source_sheet"": ""PET(SEPARATE HEAD)"", ""source"": ""from R28C6 | to R37C9"", ""media_path"": ""images/original/image56.png"", ""caption_status"": ""needs_caption""}"
IMG-IMG-062,image_context,PET(SEPARATE HEAD) image - IMG-062,Image reference IMG-062 for accessory PET(SEPARATE HEAD). Original media: xl/media/image60.png. Anchor: from R28C9 | to R37C11. Suggested context: 1. Put gate position on upper neck or body (not assy area) | 2. Use Z puller at main runner | 3. Ensure there are ejector's placed at sub runner | 4. Apply D shape pokayoke for neck + Groove. Caption status: needs visual captioning before text-only RAG.,PET(SEPARATE HEAD),from R28C9 | to R37C11,IMG-062,images/original/image60.png,"{""accessory"": ""PET(SEPARATE HEAD)"", ""image_id"": ""IMG-062"", ""content_type"": ""image_context"", ""source_sheet"": ""PET(SEPARATE HEAD)"", ""source"": ""from R28C9 | to R37C11"", ""media_path"": ""images/original/image60.png"", ""caption_status"": ""needs_caption""}"
IMG-IMG-063,image_context,PET(SEPARATE HEAD) image - IMG-063,Image reference IMG-063 for accessory PET(SEPARATE HEAD). Original media: xl/media/image61.png. Anchor: from R28C9 | to R37C11. Suggested context: 1. Put gate position on upper neck or body (not assy area) | 2. Use Z puller at main runner | 3. Ensure there are ejector's placed at sub runner | 4. Apply D shape pokayoke for neck + Groove. Caption status: needs visual captioning before text-only RAG.,PET(SEPARATE HEAD),from R28C9 | to R37C11,IMG-063,images/original/image61.png,"{""accessory"": ""PET(SEPARATE HEAD)"", ""image_id"": ""IMG-063"", ""content_type"": ""image_context"", ""source_sheet"": ""PET(SEPARATE HEAD)"", ""source"": ""from R28C9 | to R37C11"", ""media_path"": ""images/original/image61.png"", ""caption_status"": ""needs_caption""}"
IMG-IMG-064,image_context,SHOULDER CONNECTOR image - IMG-064,"Image reference IMG-064 for accessory SHOULDER CONNECTOR. Original media: xl/media/image65.png. Anchor: from R6C1 | to R22C7. Suggested context: 1. Number of cav : 8 (23T) /16 (55T) | 2. Design Connector :
-Doom design : no need bump
-Hole design : 1 bump, 1 side only | 3. Runner type
-Auto : I shape
-Semi auto : H shape | 4. Please add stopper

Limit issue scratch
limit issue abuse. Caption status: needs visual captioning before text-only RAG.",SHOULDER CONNECTOR,from R6C1 | to R22C7,IMG-064,images/original/image65.png,"{""accessory"": ""SHOULDER CONNECTOR"", ""image_id"": ""IMG-064"", ""content_type"": ""image_context"", ""source_sheet"": ""Shoulder connector"", ""source"": ""from R6C1 | to R22C7"", ""media_path"": ""images/original/image65.png"", ""caption_status"": ""needs_caption""}"
IMG-IMG-065,image_context,SHOULDER CONNECTOR image - IMG-065,"Image reference IMG-065 for accessory SHOULDER CONNECTOR. Original media: xl/media/image66.png. Anchor: from R6C1 | to R22C7. Suggested context: 1. Number of cav : 8 (23T) /16 (55T) | 2. Design Connector :
-Doom design : no need bump
-Hole design : 1 bump, 1 side only | 3. Runner type
-Auto : I shape
-Semi auto : H shape | 4. Please add stopper

Limit issue scratch
limit issue abuse. Caption status: needs visual captioning before text-only RAG.",SHOULDER CONNECTOR,from R6C1 | to R22C7,IMG-065,images/original/image66.png,"{""accessory"": ""SHOULDER CONNECTOR"", ""image_id"": ""IMG-065"", ""content_type"": ""image_context"", ""source_sheet"": ""Shoulder connector"", ""source"": ""from R6C1 | to R22C7"", ""media_path"": ""images/original/image66.png"", ""caption_status"": ""needs_caption""}"
IMG-IMG-066,image_context,SHOULDER CONNECTOR image - IMG-066,"Image reference IMG-066 for accessory SHOULDER CONNECTOR. Original media: xl/media/image67.png. Anchor: from R6C1 | to R22C7. Suggested context: 1. Number of cav : 8 (23T) /16 (55T) | 2. Design Connector :
-Doom design : no need bump
-Hole design : 1 bump, 1 side only | 3. Runner type
-Auto : I shape
-Semi auto : H shape | 4. Please add stopper

Limit issue scratch
limit issue abuse. Caption status: needs visual captioning before text-only RAG.",SHOULDER CONNECTOR,from R6C1 | to R22C7,IMG-066,images/original/image67.png,"{""accessory"": ""SHOULDER CONNECTOR"", ""image_id"": ""IMG-066"", ""content_type"": ""image_context"", ""source_sheet"": ""Shoulder connector"", ""source"": ""from R6C1 | to R22C7"", ""media_path"": ""images/original/image67.png"", ""caption_status"": ""needs_caption""}"
IMG-IMG-067,image_context,SHOULDER CONNECTOR image - IMG-067,"Image reference IMG-067 for accessory SHOULDER CONNECTOR. Original media: xl/media/image62.png. Anchor: from R6C7 | to R26C10. Suggested context: 1. Number of cav : 8 (23T) /16 (55T) | 2. Design Connector :
-Doom design : no need bump
-Hole design : 1 bump, 1 side only | 3. Runner type
-Auto : I shape
-Semi auto : H shape | 4. Please add stopper

Limit issue scratch
limit issue abuse. Caption status: needs visual captioning before text-only RAG.",SHOULDER CONNECTOR,from R6C7 | to R26C10,IMG-067,images/original/image62.png,"{""accessory"": ""SHOULDER CONNECTOR"", ""image_id"": ""IMG-067"", ""content_type"": ""image_context"", ""source_sheet"": ""Shoulder connector"", ""source"": ""from R6C7 | to R26C10"", ""media_path"": ""images/original/image62.png"", ""caption_status"": ""needs_caption""}"
IMG-IMG-068,image_context,SHOULDER CONNECTOR image - IMG-068,"Image reference IMG-068 for accessory SHOULDER CONNECTOR. Original media: xl/media/image63.png. Anchor: from R6C7 | to R26C10. Suggested context: 1. Number of cav : 8 (23T) /16 (55T) | 2. Design Connector :
-Doom design : no need bump
-Hole design : 1 bump, 1 side only | 3. Runner type
-Auto : I shape
-Semi auto : H shape | 4. Please add stopper

Limit issue scratch
limit issue abuse. Caption status: needs visual captioning before text-only RAG.",SHOULDER CONNECTOR,from R6C7 | to R26C10,IMG-068,images/original/image63.png,"{""accessory"": ""SHOULDER CONNECTOR"", ""image_id"": ""IMG-068"", ""content_type"": ""image_context"", ""source_sheet"": ""Shoulder connector"", ""source"": ""from R6C7 | to R26C10"", ""media_path"": ""images/original/image63.png"", ""caption_status"": ""needs_caption""}"
IMG-IMG-069,image_context,SHOULDER CONNECTOR image - IMG-069,"Image reference IMG-069 for accessory SHOULDER CONNECTOR. Original media: xl/media/image64.png. Anchor: from R6C7 | to R26C10. Suggested context: 1. Number of cav : 8 (23T) /16 (55T) | 2. Design Connector :
-Doom design : no need bump
-Hole design : 1 bump, 1 side only | 3. Runner type
-Auto : I shape
-Semi auto : H shape | 4. Please add stopper

Limit issue scratch
limit issue abuse. Caption status: needs visual captioning before text-only RAG.",SHOULDER CONNECTOR,from R6C7 | to R26C10,IMG-069,images/original/image64.png,"{""accessory"": ""SHOULDER CONNECTOR"", ""image_id"": ""IMG-069"", ""content_type"": ""image_context"", ""source_sheet"": ""Shoulder connector"", ""source"": ""from R6C7 | to R26C10"", ""media_path"": ""images/original/image64.png"", ""caption_status"": ""needs_caption""}"
IMG-IMG-070,image_context,SHOULDER CONNECTOR image - IMG-070,"Image reference IMG-070 for accessory SHOULDER CONNECTOR. Original media: xl/media/image66.png. Anchor: from R27C7 | to R42C10. Suggested context: 1. Number of cav : 8 (23T) /16 (55T) | 2. Design Connector :
-Doom design : no need bump
-Hole design : 1 bump, 1 side only | 3. Runner type
-Auto : I shape
-Semi auto : H shape | 4. Please add stopper

Limit issue scratch
limit issue abuse. Caption status: needs visual captioning before text-only RAG.",SHOULDER CONNECTOR,from R27C7 | to R42C10,IMG-070,images/original/image66.png,"{""accessory"": ""SHOULDER CONNECTOR"", ""image_id"": ""IMG-070"", ""content_type"": ""image_context"", ""source_sheet"": ""Shoulder connector"", ""source"": ""from R27C7 | to R42C10"", ""media_path"": ""images/original/image66.png"", ""caption_status"": ""needs_caption""}"
IMG-IMG-071,image_context,SHOULDER CONNECTOR image - IMG-071,"Image reference IMG-071 for accessory SHOULDER CONNECTOR. Original media: xl/media/image67.png. Anchor: from R27C7 | to R42C10. Suggested context: 1. Number of cav : 8 (23T) /16 (55T) | 2. Design Connector :
-Doom design : no need bump
-Hole design : 1 bump, 1 side only | 3. Runner type
-Auto : I shape
-Semi auto : H shape | 4. Please add stopper

Limit issue scratch
limit issue abuse. Caption status: needs visual captioning before text-only RAG.",SHOULDER CONNECTOR,from R27C7 | to R42C10,IMG-071,images/original/image67.png,"{""accessory"": ""SHOULDER CONNECTOR"", ""image_id"": ""IMG-071"", ""content_type"": ""image_context"", ""source_sheet"": ""Shoulder connector"", ""source"": ""from R27C7 | to R42C10"", ""media_path"": ""images/original/image67.png"", ""caption_status"": ""needs_caption""}"
IMG-IMG-072,image_context,SHOULDER CONNECTOR image - IMG-072,"Image reference IMG-072 for accessory SHOULDER CONNECTOR. Original media: xl/media/image68.png. Anchor: from R42C1 | to R55C7. Suggested context: 1. Number of cav : 8 (23T) /16 (55T) | 2. Design Connector :
-Doom design : no need bump
-Hole design : 1 bump, 1 side only | 3. Runner type
-Auto : I shape
-Semi auto : H shape | 4. Please add stopper

Limit issue scratch
limit issue abuse. Caption status: needs visual captioning before text-only RAG.",SHOULDER CONNECTOR,from R42C1 | to R55C7,IMG-072,images/original/image68.png,"{""accessory"": ""SHOULDER CONNECTOR"", ""image_id"": ""IMG-072"", ""content_type"": ""image_context"", ""source_sheet"": ""Shoulder connector"", ""source"": ""from R42C1 | to R55C7"", ""media_path"": ""images/original/image68.png"", ""caption_status"": ""needs_caption""}"
IMG-IMG-073,image_context,ARM image - IMG-073,"Image reference IMG-073 for accessory ARM. Original media: xl/media/image70.jpeg. Anchor: from R9C1 | to R23C6. Suggested context: 1. No need KD | 2. Please add ribs on pocket connector | 3. Refference :
**Straight arm
4 set --> DVX72-Q601-16
**bent arm
4 set --> T7738-Q502-02
**bent&straight
2 set -->HJN31-U981-01 | 4. Matte surface finish. Caption status: needs visual captioning before text-only RAG.",ARM,from R9C1 | to R23C6,IMG-073,images/original/image70.jpeg,"{""accessory"": ""ARM"", ""image_id"": ""IMG-073"", ""content_type"": ""image_context"", ""source_sheet"": ""Arm"", ""source"": ""from R9C1 | to R23C6"", ""media_path"": ""images/original/image70.jpeg"", ""caption_status"": ""needs_caption""}"
IMG-IMG-074,image_context,ARM image - IMG-074,"Image reference IMG-074 for accessory ARM. Original media: xl/media/image69.png. Anchor: from R9C7 | to R40C16. Suggested context: 1. No need KD | 2. Please add ribs on pocket connector | 3. Refference :
**Straight arm
4 set --> DVX72-Q601-16
**bent arm
4 set --> T7738-Q502-02
**bent&straight
2 set -->HJN31-U981-01 | 4. Matte surface finish. Caption status: needs visual captioning before text-only RAG.",ARM,from R9C7 | to R40C16,IMG-074,images/original/image69.png,"{""accessory"": ""ARM"", ""image_id"": ""IMG-074"", ""content_type"": ""image_context"", ""source_sheet"": ""Arm"", ""source"": ""from R9C7 | to R40C16"", ""media_path"": ""images/original/image69.png"", ""caption_status"": ""needs_caption""}"
IMG-IMG-075,image_context,VUM HOLDER image - IMG-075,"Image reference IMG-075 for accessory VUM HOLDER. Original media: xl/media/image71.png. Anchor: from R7C1 | to R16C3. Suggested context: 1. Please create part cloose loop (doesn't colapse when rotate) | 2. Please ensure edge gate | 3. Please ensure holder dimension Ø5mm x 15mm length | 4. Please ensure part 1 times VUM, no separate sub runner. Caption status: needs visual captioning before text-only RAG.",VUM HOLDER,from R7C1 | to R16C3,IMG-075,images/original/image71.png,"{""accessory"": ""VUM HOLDER"", ""image_id"": ""IMG-075"", ""content_type"": ""image_context"", ""source_sheet"": ""VUM Holder"", ""source"": ""from R7C1 | to R16C3"", ""media_path"": ""images/original/image71.png"", ""caption_status"": ""needs_caption""}"
IMG-IMG-076,image_context,VUM HOLDER image - IMG-076,"Image reference IMG-076 for accessory VUM HOLDER. Original media: xl/media/image72.png. Anchor: from R7C3 | to R18C6. Suggested context: 1. Please create part cloose loop (doesn't colapse when rotate) | 2. Please ensure edge gate | 3. Please ensure holder dimension Ø5mm x 15mm length | 4. Please ensure part 1 times VUM, no separate sub runner. Caption status: needs visual captioning before text-only RAG.",VUM HOLDER,from R7C3 | to R18C6,IMG-076,images/original/image72.png,"{""accessory"": ""VUM HOLDER"", ""image_id"": ""IMG-076"", ""content_type"": ""image_context"", ""source_sheet"": ""VUM Holder"", ""source"": ""from R7C3 | to R18C6"", ""media_path"": ""images/original/image72.png"", ""caption_status"": ""needs_caption""}"
IMG-IMG-077,image_context,VUM HOLDER image - IMG-077,"Image reference IMG-077 for accessory VUM HOLDER. Original media: xl/media/image73.png. Anchor: from R7C6 | to R19C9. Suggested context: 1. Please create part cloose loop (doesn't colapse when rotate) | 2. Please ensure edge gate | 3. Please ensure holder dimension Ø5mm x 15mm length | 4. Please ensure part 1 times VUM, no separate sub runner. Caption status: needs visual captioning before text-only RAG.",VUM HOLDER,from R7C6 | to R19C9,IMG-077,images/original/image73.png,"{""accessory"": ""VUM HOLDER"", ""image_id"": ""IMG-077"", ""content_type"": ""image_context"", ""source_sheet"": ""VUM Holder"", ""source"": ""from R7C6 | to R19C9"", ""media_path"": ""images/original/image73.png"", ""caption_status"": ""needs_caption""}"
IMG-IMG-078,image_context,ROTOHEAD image - IMG-078,Image reference IMG-078 for accessory ROTOHEAD. Original media: xl/media/image74.png. Anchor: from R1C1 | to R26C15. Suggested context: 1 | 2 | 3. Caption status: needs visual captioning before text-only RAG.,ROTOHEAD,from R1C1 | to R26C15,IMG-078,images/original/image74.png,"{""accessory"": ""ROTOHEAD"", ""image_id"": ""IMG-078"", ""content_type"": ""image_context"", ""source_sheet"": ""ROTOHEAD"", ""source"": ""from R1C1 | to R26C15"", ""media_path"": ""images/original/image74.png"", ""caption_status"": ""needs_caption""}"
IMG-IMG-079,image_context,ROTOHEAD image - IMG-079,Image reference IMG-079 for accessory ROTOHEAD. Original media: xl/media/image75.png. Anchor: from R1C16 | to R26C31. Suggested context: 1 | 2 | 3. Caption status: needs visual captioning before text-only RAG.,ROTOHEAD,from R1C16 | to R26C31,IMG-079,images/original/image75.png,"{""accessory"": ""ROTOHEAD"", ""image_id"": ""IMG-079"", ""content_type"": ""image_context"", ""source_sheet"": ""ROTOHEAD"", ""source"": ""from R1C16 | to R26C31"", ""media_path"": ""images/original/image75.png"", ""caption_status"": ""needs_caption""}"
IMG-IMG-080,image_context,ROTOHEAD image - IMG-080,Image reference IMG-080 for accessory ROTOHEAD. Original media: xl/media/image76.png. Anchor: from R27C1 | to R50C14. Suggested context: 1 | 2 | 3. Caption status: needs visual captioning before text-only RAG.,ROTOHEAD,from R27C1 | to R50C14,IMG-080,images/original/image76.png,"{""accessory"": ""ROTOHEAD"", ""image_id"": ""IMG-080"", ""content_type"": ""image_context"", ""source_sheet"": ""ROTOHEAD"", ""source"": ""from R27C1 | to R50C14"", ""media_path"": ""images/original/image76.png"", ""caption_status"": ""needs_caption""}"
IMG-IMG-081,image_context,C CLIP BOTTLE image - IMG-081,Image reference IMG-081 for accessory C CLIP BOTTLE. Original media: xl/media/image77.png. Anchor: from R1C1 | to R7C2. Suggested context: Please make standardization c clip for Barbie dimension Skipper Toddler chelsea. Caption status: needs visual captioning before text-only RAG.,C CLIP BOTTLE,from R1C1 | to R7C2,IMG-081,images/original/image77.png,"{""accessory"": ""C CLIP BOTTLE"", ""image_id"": ""IMG-081"", ""content_type"": ""image_context"", ""source_sheet"": ""C clip bottle"", ""source"": ""from R1C1 | to R7C2"", ""media_path"": ""images/original/image77.png"", ""caption_status"": ""needs_caption""}"
SUM-EARRING,sheet_summary,EARRING summary,"Accessory/source sheet: EARRING
Checklist items: 1. Sharp point/thin steel, R 0.8mm, Ø 2mm hole. | 2. Full R at end fo easy assembly | 3. Post location/angel depends on design request | 4. Make sure mo sharp poimt/thin steel | 5. Post has angle (25 for EAH and 35 for MH) at front view
Drawing labels: 1.7 mm (updated august 22)
Images: IMG-001, IMG-002, IMG-003",EARRING,EARRING,IMG-001; IMG-002; IMG-003,images/original/image3.png; images/original/image1.png; images/original/image2.png,"{""accessory"": ""EARRING"", ""content_type"": ""sheet_summary"", ""source_sheet"": ""EARRING"", ""source"": ""EARRING"", ""image_ids"": [""IMG-001"", ""IMG-002"", ""IMG-003""]}"
SUM-HANDRING,sheet_summary,HANDRING summary,"Accessory/source sheet: HANDRING
Reference records: 13 rows
Images: IMG-004, IMG-005",HANDRING,HANDRING,IMG-004; IMG-005,images/original/image4.png; images/original/image5.png,"{""accessory"": ""HANDRING"", ""content_type"": ""sheet_summary"", ""source_sheet"": ""HANDRING"", ""source"": ""HANDRING"", ""image_ids"": [""IMG-004"", ""IMG-005""]}"
SUM-HEADBAND,sheet_summary,HEADBAND summary,"Accessory/source sheet: HEADBAND
Checklist items: 1. Get SG head to double check. | 2. Use one gate design to avoid weldline | 3. PPCO is 1st option. | 4. Sharp point/thin steel, R 0.8mm, Ø 2mm hole. | 5. Sticking slide, 3~10 degree draft.
Images: IMG-006, IMG-007, IMG-008, IMG-009, IMG-010, IMG-011",HEADBAND,HEADBAND,IMG-006; IMG-007; IMG-008; IMG-009; IMG-010; IMG-011,images/original/image6.png; images/original/image7.png; images/original/image11.JPG; images/original/image9.png; images/original/image10.jpg; images/original/image8.jpeg,"{""accessory"": ""HEADBAND"", ""content_type"": ""sheet_summary"", ""source_sheet"": ""HEADBAND"", ""source"": ""HEADBAND"", ""image_ids"": [""IMG-006"", ""IMG-007"", ""IMG-008"", ""IMG-009"", ""IMG-010"", ""IMG-011""]}"
SUM-BELT,sheet_summary,BELT summary,"Accessory/source sheet: BELT
Checklist items: 1. Post direction, outward is the 1st choice. Inward direction is ok for loose belt per design request, but not allowed for tight belt. | 2. Need to fit SG | 3. Try to use 1 post, insead of 2 at every breakaway. | 4. Gate at hole side for PTMI, at post side for MCA
Images: IMG-012, IMG-013, IMG-014, IMG-015",BELT,BELT,IMG-012; IMG-013; IMG-014; IMG-015,images/original/image13.JPG; images/original/image12.png; images/original/image15.png; images/original/image14.jpg,"{""accessory"": ""BELT"", ""content_type"": ""sheet_summary"", ""source_sheet"": ""BELT"", ""source"": ""BELT"", ""image_ids"": [""IMG-012"", ""IMG-013"", ""IMG-014"", ""IMG-015""]}"
SUM-BRACELET,sheet_summary,BRACELET summary,"Accessory/source sheet: BRACELET
Images: IMG-016, IMG-017",BRACELET,BRACELET,IMG-016; IMG-017,images/original/image16.png; images/original/image17.jpeg,"{""accessory"": ""BRACELET"", ""content_type"": ""sheet_summary"", ""source_sheet"": ""BRACELET"", ""source"": ""BRACELET"", ""image_ids"": [""IMG-016"", ""IMG-017""]}"
SUM-NECKLACE,sheet_summary,NECKLACE summary,"Accessory/source sheet: NECKLACE
Checklist items: 1. Please ensure cloose loop design (prefer Y shape gate ) | 2. Please ensure enough space for trimming gate (plier) | 3. Please d-check opening standard below for each material | 4. Please d-check VUM proceed/not --> decide holder dimension
Drawing labels: Desin Refference | Opening standard | HHN06-U831-01 --> slider 4 cav | HHN08-U514-01 --> gate shape Y, no slider, 4 cav | HHN09-U514-01 --> T runner no slider 4 cavity | CHG42 --> COULD BE 4 CAV
Images: IMG-018, IMG-019, IMG-020, IMG-021, IMG-022, IMG-023, IMG-024, IMG-025, IMG-026",NECKLACE,NECKLACE,IMG-018; IMG-019; IMG-020; IMG-021; IMG-022; IMG-023; IMG-024; IMG-025; IMG-026,images/original/image19.png; images/original/image21.png; images/original/image22.png; images/original/image23.png; images/original/image24.png; images/original/image25.png; images/original/image26.png; images/original/image18.png; images/original/image20.png,"{""accessory"": ""NECKLACE"", ""content_type"": ""sheet_summary"", ""source_sheet"": ""NECKLACE"", ""source"": ""NECKLACE"", ""image_ids"": [""IMG-018"", ""IMG-019"", ""IMG-020"", ""IMG-021"", ""IMG-022"", ""IMG-023"", ""IMG-024"", ""IMG-025"", ""IMG-026""]}"
SUM-BACKPACK_ASSY,sheet_summary,Backpack assy summary,"Accessory/source sheet: Backpack assy
Checklist items: 1. Strap connection type mushroom | 2. Ensure there's locking slot on hole | 3. Add ribb allong backpack bottom
Drawing labels: Locking on hole Ø3.2 | Mushroom Ø3.4
Images: IMG-027, IMG-028, IMG-029, IMG-030, IMG-031",BACKPACK ASSY,Backpack assy,IMG-027; IMG-028; IMG-029; IMG-030; IMG-031,images/original/image27.png; images/original/image28.png; images/original/image29.png; images/original/image30.png; images/original/image31.png,"{""accessory"": ""BACKPACK ASSY"", ""content_type"": ""sheet_summary"", ""source_sheet"": ""Backpack assy"", ""source"": ""Backpack assy"", ""image_ids"": [""IMG-027"", ""IMG-028"", ""IMG-029"", ""IMG-030"", ""IMG-031""]}"
SUM-STD_ELECTRODE_PTMI,sheet_summary,STD Electrode PTMI summary,"Accessory/source sheet: STD Electrode PTMI
Drawing labels: 40mm | Ø7mm | Standard electrode PTMI | Flat Surface Add 2 hole for M6
Images: IMG-032",STD ELECTRODE PTMI,STD Electrode PTMI,IMG-032,images/original/image32.png,"{""accessory"": ""STD ELECTRODE PTMI"", ""content_type"": ""sheet_summary"", ""source_sheet"": ""STD Electrode PTMI"", ""source"": ""STD Electrode PTMI"", ""image_ids"": [""IMG-032""]}"
SUM-GLASSES,sheet_summary,GLASSES summary,"Accessory/source sheet: GLASSES
Checklist items: 1. P/L location, not go through middle of glass. | 2. Enough Connection at Middle | 3. Slide sticking, enough draft 3~10 degree. | 4. Hang on slide, enough strike | 5. Basic wall thickness 1.5mm
Images: IMG-033, IMG-034",GLASSES,GLASSES,IMG-033; IMG-034,images/original/image34.png; images/original/image33.png,"{""accessory"": ""GLASSES"", ""content_type"": ""sheet_summary"", ""source_sheet"": ""GLASSES"", ""source"": ""GLASSES"", ""image_ids"": [""IMG-033"", ""IMG-034""]}"
SUM-HAIR_CLIP,sheet_summary,Hair clip summary,"Accessory/source sheet: Hair clip
Checklist items: 1. Add notch on part | 2. half plastic on hinge | 3. coring on hinge | 4. Bump on pin | 5. Optimize projection area
Drawing labels: HNF84-U513-01 | Design refference | Notch | coring | coring | bump | Rib Hor/ver OK | HLW18-Q502-01 | Good projection area no slider | HLX34-U512-01 | Layout refference | Slider
Images: IMG-035, IMG-036, IMG-037",HAIR CLIP,Hair clip,IMG-035; IMG-036; IMG-037,images/original/image37.png; images/original/image35.png; images/original/image36.png,"{""accessory"": ""HAIR CLIP"", ""content_type"": ""sheet_summary"", ""source_sheet"": ""Hair clip"", ""source"": ""Hair clip"", ""image_ids"": [""IMG-035"", ""IMG-036"", ""IMG-037""]}"
SUM-SHOES,sheet_summary,SHOES summary,"Accessory/source sheet: SHOES
Checklist items: 1. Need jumping P/L at bottom if there's logo. | 2. Please add offset 0.3mm (clearance to leg) per side | 3. Arrange layout R-R and L-L and add flag on runner to make trimming process easier | 4. Tampo issue- Ensure gate position not at side area bookmask (will affect paint issue) | 5. Tampo issue - sculpted step w/ 0.5mm Radius or chamfer, 5 degree draft for tampo | 6. Ensure no undercut for bit/sculpture | 7. Ensure there's open loop slit (to make detached part process easy) | 8. Please apply qty cavity acs below:
simple deco --> 6 cav (CLN62-S501-02)
complex deco --> 4 cav (common design) | 9. Please minimize floating core slit height (image below) for easier demold process
Drawing labels: Shoe Type | Shoe | Boots | heels | CORE | CAV | Sample 0315-A575-02 | Sample CLL55-S501-03 | Sample CHG41-S501 | Sample CHG41-S501 | Separate R/L shoe | Control rib heght
Images: IMG-038, IMG-039, IMG-040, IMG-041, IMG-042, IMG-043, IMG-044, IMG-045, IMG-046, IMG-047, IMG-048, IMG-049, IMG-050, IMG-051, IMG-052, IMG-053, IMG-054",SHOES,SHOES,IMG-038; IMG-039; IMG-040; IMG-041; IMG-042; IMG-043; IMG-044; IMG-045; IMG-046; IMG-047; IMG-048; IMG-049; IMG-050; IMG-051; IMG-052; IMG-053; IMG-054,images/original/image50.png; images/original/image42.png; images/original/image43.png; images/original/image39.jpeg; images/original/image40.png; images/original/image44.png; images/original/image52.png; images/original/image38.png; images/original/image46.png; images/original/image47.png; images/original/image48.png; images/original/image45.jpeg; images/original/image49.png; images/original/image45.jpeg; images/original/image41.png; images/original/image51.png; images/original/image41.png,"{""accessory"": ""SHOES"", ""content_type"": ""sheet_summary"", ""source_sheet"": ""SHOES"", ""source"": ""SHOES"", ""image_ids"": [""IMG-038"", ""IMG-039"", ""IMG-040"", ""IMG-041"", ""IMG-042"", ""IMG-043"", ""IMG-044"", ""IMG-045"", ""IMG-046"", ""IMG-047"", ""IMG-048"", ""IMG-049"", ""IMG-050"", ""IMG-051"", ""IMG-052"", ""IMG-053"", ""IMG-054""]}"
SUM-PET_SEPARATE_HEAD,sheet_summary,PET(SEPARATE HEAD) summary,"Accessory/source sheet: PET(SEPARATE HEAD)
Checklist items: 1. Put gate position on upper neck or body (not assy area) | 2. Use Z puller at main runner | 3. Ensure there are ejector's placed at sub runner | 4. Apply D shape pokayoke for neck + Groove | 5. Add space on neck to head 2-3mm | 6. Add cav number on body and inside head (not assy area) | 7. Add KD area head and neck (assembly area) | 8. Add tool no at runner | 9. Please add cooling on slider (pet head) | 10. Develop Jig cooling
Drawing labels: CLF97-S501 | CLF97-S501 | Ejector & puller ilustration | Part | Part | Part | Part | Sprue | Z Puller | Ejector | Ejector | Sprue
Images: IMG-055, IMG-056, IMG-057, IMG-058, IMG-059, IMG-060, IMG-061, IMG-062, IMG-063",PET(SEPARATE HEAD),PET(SEPARATE HEAD),IMG-055; IMG-056; IMG-057; IMG-058; IMG-059; IMG-060; IMG-061; IMG-062; IMG-063,images/original/image57.png; images/original/image58.png; images/original/image59.png; images/original/image54.png; images/original/image55.png; images/original/image53.png; images/original/image56.png; images/original/image60.png; images/original/image61.png,"{""accessory"": ""PET(SEPARATE HEAD)"", ""content_type"": ""sheet_summary"", ""source_sheet"": ""PET(SEPARATE HEAD)"", ""source"": ""PET(SEPARATE HEAD)"", ""image_ids"": [""IMG-055"", ""IMG-056"", ""IMG-057"", ""IMG-058"", ""IMG-059"", ""IMG-060"", ""IMG-061"", ""IMG-062"", ""IMG-063""]}"
SUM-SHOULDER_CONNECTOR,sheet_summary,Shoulder connector summary,"Accessory/source sheet: Shoulder connector
Checklist items: 1. Number of cav : 8 (23T) /16 (55T) | 2. Design Connector :
-Doom design : no need bump
-Hole design : 1 bump, 1 side only | 3. Runner type
-Auto : I shape
-Semi auto : H shape | 4. Please add stopper

Limit issue scratch
limit issue abuse
Drawing labels: bump | Doom design : no need bump | Dougnut design : 1 bump, 1 side only | DLT64 | HGC32 | DOUGNUT: N5946 | Design connector | Runner type | H SHAPE | I SHAPE : HGC32 | I SHAPE : N5946 | Runner design
Images: IMG-064, IMG-065, IMG-066, IMG-067, IMG-068, IMG-069, IMG-070, IMG-071, IMG-072",SHOULDER CONNECTOR,Shoulder connector,IMG-064; IMG-065; IMG-066; IMG-067; IMG-068; IMG-069; IMG-070; IMG-071; IMG-072,images/original/image65.png; images/original/image66.png; images/original/image67.png; images/original/image62.png; images/original/image63.png; images/original/image64.png; images/original/image66.png; images/original/image67.png; images/original/image68.png,"{""accessory"": ""SHOULDER CONNECTOR"", ""content_type"": ""sheet_summary"", ""source_sheet"": ""Shoulder connector"", ""source"": ""Shoulder connector"", ""image_ids"": [""IMG-064"", ""IMG-065"", ""IMG-066"", ""IMG-067"", ""IMG-068"", ""IMG-069"", ""IMG-070"", ""IMG-071"", ""IMG-072""]}"
SUM-ARM,sheet_summary,Arm summary,"Accessory/source sheet: Arm
Checklist items: 1. No need KD | 2. Please add ribs on pocket connector | 3. Refference :
**Straight arm
4 set --> DVX72-Q601-16
**bent arm
4 set --> T7738-Q502-02
**bent&straight
2 set -->HJN31-U981-01 | 4. Matte surface finish | 5. Please confirm runner design for auto PIM or not
*design reff DVX72-Q601-02
Drawing labels: Rib on pocket connector | DVX72-Q601-16
Images: IMG-073, IMG-074",ARM,Arm,IMG-073; IMG-074,images/original/image70.jpeg; images/original/image69.png,"{""accessory"": ""ARM"", ""content_type"": ""sheet_summary"", ""source_sheet"": ""Arm"", ""source"": ""Arm"", ""image_ids"": [""IMG-073"", ""IMG-074""]}"
SUM-VUM_HOLDER,sheet_summary,VUM Holder summary,"Accessory/source sheet: VUM Holder
Checklist items: 1. Please create part cloose loop (doesn't colapse when rotate) | 2. Please ensure edge gate | 3. Please ensure holder dimension Ø5mm x 15mm length | 4. Please ensure part 1 times VUM, no separate sub runner
Drawing labels: Holder dimension | ensure close loop | WRONG | WRONG | ensure 1 times VUM process (No separated sub runner)
Images: IMG-075, IMG-076, IMG-077",VUM HOLDER,VUM Holder,IMG-075; IMG-076; IMG-077,images/original/image71.png; images/original/image72.png; images/original/image73.png,"{""accessory"": ""VUM HOLDER"", ""content_type"": ""sheet_summary"", ""source_sheet"": ""VUM Holder"", ""source"": ""VUM Holder"", ""image_ids"": [""IMG-075"", ""IMG-076"", ""IMG-077""]}"
SUM-ROTOHEAD,sheet_summary,ROTOHEAD summary,"Accessory/source sheet: ROTOHEAD
Drawing labels: 1 | 2 | 3
Images: IMG-078, IMG-079, IMG-080",ROTOHEAD,ROTOHEAD,IMG-078; IMG-079; IMG-080,images/original/image74.png; images/original/image75.png; images/original/image76.png,"{""accessory"": ""ROTOHEAD"", ""content_type"": ""sheet_summary"", ""source_sheet"": ""ROTOHEAD"", ""source"": ""ROTOHEAD"", ""image_ids"": [""IMG-078"", ""IMG-079"", ""IMG-080""]}"
SUM-MARKING_GENUINE,sheet_summary,MARKING & GENUINE summary,"Accessory/source sheet: MARKING & GENUINE
Drawing labels: #Standard Legal Marking Barbie Torso ©2022 MATTEL 1186 MJ, 1, NL MADE IN INDONESIA (height must be at least or >1.5mm)",MARKING & GENUINE,MARKING & GENUINE,,,"{""accessory"": ""MARKING & GENUINE"", ""content_type"": ""sheet_summary"", ""source_sheet"": ""MARKING & GENUINE"", ""source"": ""MARKING & GENUINE"", ""image_ids"": []}"
SUM-C_CLIP_BOTTLE,sheet_summary,C clip bottle summary,"Accessory/source sheet: C clip bottle
Drawing labels: Please make standardization c clip for Barbie dimension Skipper Toddler chelsea
Images: IMG-081",C CLIP BOTTLE,C clip bottle,IMG-081,images/original/image77.png,"{""accessory"": ""C CLIP BOTTLE"", ""content_type"": ""sheet_summary"", ""source_sheet"": ""C clip bottle"", ""source"": ""C clip bottle"", ""image_ids"": [""IMG-081""]}"
